-- MySQL dump 10.13  Distrib 5.7.32, for Linux (x86_64)
--
-- Host: localhost    Database: LesDB
-- ------------------------------------------------------
-- Server version	5.7.32-0ubuntu0.18.04.1

/*!40101 SET @OLD_CHARACTER_SET_CLIENT=@@CHARACTER_SET_CLIENT */;
/*!40101 SET @OLD_CHARACTER_SET_RESULTS=@@CHARACTER_SET_RESULTS */;
/*!40101 SET @OLD_COLLATION_CONNECTION=@@COLLATION_CONNECTION */;
/*!40101 SET NAMES utf8 */;
/*!40103 SET @OLD_TIME_ZONE=@@TIME_ZONE */;
/*!40103 SET TIME_ZONE='+00:00' */;
/*!40014 SET @OLD_UNIQUE_CHECKS=@@UNIQUE_CHECKS, UNIQUE_CHECKS=0 */;
/*!40014 SET @OLD_FOREIGN_KEY_CHECKS=@@FOREIGN_KEY_CHECKS, FOREIGN_KEY_CHECKS=0 */;
/*!40101 SET @OLD_SQL_MODE=@@SQL_MODE, SQL_MODE='NO_AUTO_VALUE_ON_ZERO' */;
/*!40111 SET @OLD_SQL_NOTES=@@SQL_NOTES, SQL_NOTES=0 */;

--
-- Table structure for table `Blog_Forum_comments`
--

DROP TABLE IF EXISTS `Blog_Forum_comments`;
/*!40101 SET @saved_cs_client     = @@character_set_client */;
/*!40101 SET character_set_client = utf8 */;
CREATE TABLE `Blog_Forum_comments` (
  `id` int(11) NOT NULL AUTO_INCREMENT,
  `comment_content` longtext NOT NULL,
  `added` datetime(6) NOT NULL,
  `post_id` int(11) NOT NULL,
  `user_id` int(11) NOT NULL,
  PRIMARY KEY (`id`),
  KEY `Blog_Forum_comments_post_id_fad6f1dc_fk_Blog_Forum_post_id` (`post_id`),
  KEY `Blog_Forum_comments_user_id_477ef9a5_fk_auth_user_id` (`user_id`),
  CONSTRAINT `Blog_Forum_comments_post_id_fad6f1dc_fk_Blog_Forum_post_id` FOREIGN KEY (`post_id`) REFERENCES `Blog_Forum_post` (`id`),
  CONSTRAINT `Blog_Forum_comments_user_id_477ef9a5_fk_auth_user_id` FOREIGN KEY (`user_id`) REFERENCES `auth_user` (`id`)
) ENGINE=InnoDB AUTO_INCREMENT=14 DEFAULT CHARSET=latin1;
/*!40101 SET character_set_client = @saved_cs_client */;

--
-- Dumping data for table `Blog_Forum_comments`
--

LOCK TABLES `Blog_Forum_comments` WRITE;
/*!40000 ALTER TABLE `Blog_Forum_comments` DISABLE KEYS */;
INSERT INTO `Blog_Forum_comments` VALUES (8,'Bien !\r\n','2020-08-27 23:37:57.888655',1,3),(9,'Intéressant ','2020-08-29 18:26:05.518109',1,5),(10,'Salut , j\'ai une question si je peux me le permettre ,quels conseils donnerez vous au élèves voulants participer aux concours général ,sur le plan méthodologie ?\r\nMerci d\'avance','2020-08-30 01:35:59.541146',1,125),(11,'Faut bien faire le choix , tout en sachant que c\'est un concours l\'excellence sera au rendez-vous! ','2020-08-30 02:35:24.065945',1,57),(12,'Merci beaucoup','2020-08-31 23:21:45.770926',1,125),(13,'','2020-09-03 09:42:12.408700',2,208);
/*!40000 ALTER TABLE `Blog_Forum_comments` ENABLE KEYS */;
UNLOCK TABLES;

--
-- Table structure for table `Blog_Forum_message`
--

DROP TABLE IF EXISTS `Blog_Forum_message`;
/*!40101 SET @saved_cs_client     = @@character_set_client */;
/*!40101 SET character_set_client = utf8 */;
CREATE TABLE `Blog_Forum_message` (
  `id` int(11) NOT NULL AUTO_INCREMENT,
  `subjet` varchar(10) NOT NULL,
  `message` longtext NOT NULL,
  `added` datetime(6) NOT NULL,
  `author_id` int(11) NOT NULL,
  PRIMARY KEY (`id`),
  KEY `Blog_Forum_message_author_id_7dbc8832_fk_auth_user_id` (`author_id`),
  CONSTRAINT `Blog_Forum_message_author_id_7dbc8832_fk_auth_user_id` FOREIGN KEY (`author_id`) REFERENCES `auth_user` (`id`)
) ENGINE=InnoDB DEFAULT CHARSET=latin1;
/*!40101 SET character_set_client = @saved_cs_client */;

--
-- Dumping data for table `Blog_Forum_message`
--

LOCK TABLES `Blog_Forum_message` WRITE;
/*!40000 ALTER TABLE `Blog_Forum_message` DISABLE KEYS */;
/*!40000 ALTER TABLE `Blog_Forum_message` ENABLE KEYS */;
UNLOCK TABLES;

--
-- Table structure for table `Blog_Forum_message_likes`
--

DROP TABLE IF EXISTS `Blog_Forum_message_likes`;
/*!40101 SET @saved_cs_client     = @@character_set_client */;
/*!40101 SET character_set_client = utf8 */;
CREATE TABLE `Blog_Forum_message_likes` (
  `id` int(11) NOT NULL AUTO_INCREMENT,
  `message_id` int(11) NOT NULL,
  `user_id` int(11) NOT NULL,
  PRIMARY KEY (`id`),
  UNIQUE KEY `Blog_Forum_message_likes_message_id_user_id_4a99f20e_uniq` (`message_id`,`user_id`),
  KEY `Blog_Forum_message_likes_user_id_9896bfdc_fk_auth_user_id` (`user_id`),
  CONSTRAINT `Blog_Forum_message_l_message_id_d52186a6_fk_Blog_Foru` FOREIGN KEY (`message_id`) REFERENCES `Blog_Forum_message` (`id`),
  CONSTRAINT `Blog_Forum_message_likes_user_id_9896bfdc_fk_auth_user_id` FOREIGN KEY (`user_id`) REFERENCES `auth_user` (`id`)
) ENGINE=InnoDB DEFAULT CHARSET=latin1;
/*!40101 SET character_set_client = @saved_cs_client */;

--
-- Dumping data for table `Blog_Forum_message_likes`
--

LOCK TABLES `Blog_Forum_message_likes` WRITE;
/*!40000 ALTER TABLE `Blog_Forum_message_likes` DISABLE KEYS */;
/*!40000 ALTER TABLE `Blog_Forum_message_likes` ENABLE KEYS */;
UNLOCK TABLES;

--
-- Table structure for table `Blog_Forum_poeme`
--

DROP TABLE IF EXISTS `Blog_Forum_poeme`;
/*!40101 SET @saved_cs_client     = @@character_set_client */;
/*!40101 SET character_set_client = utf8 */;
CREATE TABLE `Blog_Forum_poeme` (
  `id` int(11) NOT NULL AUTO_INCREMENT,
  `titre` varchar(300) NOT NULL,
  `contenu` longtext NOT NULL,
  `author_name` varchar(50) DEFAULT NULL,
  `author_desc` varchar(100) DEFAULT NULL,
  PRIMARY KEY (`id`)
) ENGINE=InnoDB AUTO_INCREMENT=4 DEFAULT CHARSET=latin1;
/*!40101 SET character_set_client = @saved_cs_client */;

--
-- Dumping data for table `Blog_Forum_poeme`
--

LOCK TABLES `Blog_Forum_poeme` WRITE;
/*!40000 ALTER TABLE `Blog_Forum_poeme` DISABLE KEYS */;
INSERT INTO `Blog_Forum_poeme` VALUES (3,'LES ELITES SENEGALAISES','LES ELITES SENEGALAISES','LES ELITES SENEGALAISES','LES ELITES SENEGALAISES');
/*!40000 ALTER TABLE `Blog_Forum_poeme` ENABLE KEYS */;
UNLOCK TABLES;

--
-- Table structure for table `Blog_Forum_post`
--

DROP TABLE IF EXISTS `Blog_Forum_post`;
/*!40101 SET @saved_cs_client     = @@character_set_client */;
/*!40101 SET character_set_client = utf8 */;
CREATE TABLE `Blog_Forum_post` (
  `id` int(11) NOT NULL AUTO_INCREMENT,
  `author_name` varchar(50) DEFAULT NULL,
  `author_desc` varchar(100) DEFAULT NULL,
  `title` varchar(250) NOT NULL,
  `content` longtext NOT NULL,
  `photo` varchar(100) NOT NULL,
  `created` datetime(6) NOT NULL,
  `updated` datetime(6) NOT NULL,
  `categorie` varchar(15) DEFAULT NULL,
  PRIMARY KEY (`id`)
) ENGINE=InnoDB AUTO_INCREMENT=3 DEFAULT CHARSET=latin1;
/*!40101 SET character_set_client = @saved_cs_client */;

--
-- Dumping data for table `Blog_Forum_post`
--

LOCK TABLES `Blog_Forum_post` WRITE;
/*!40000 ALTER TABLE `Blog_Forum_post` DISABLE KEYS */;
INSERT INTO `Blog_Forum_post` VALUES (1,'Mohamed Massal GUEYE','Coordonnateur et Administrateur LES','Prudence sur le choix des orientations !','Le choix de l’orientation va de pair avec la réussite du Baccalauréat. L’année où vous faites la classe de  Terminale doit donc impérativement être la finalisation du choix d’études et donc la connaissance des métiers attachés car le timing des inscriptions sur le portail Campusen laisse peu de temps au flou et à l’indécision .\r\n\r\nFaites attention au choix du type de formations lorsque votre option de filière est déterminée : parfois, plusieurs types de formation mènent au même métier. Il est donc essentiel de choisir celui qui correspond le mieux à votre profil et à vos  besoins (ou pas) d’encadrement (université Vs école).\r\n\r\nComment réussir sa formation en quelques points : \r\n• Faites un bilan de personnalité et de compétences. Apprendre à se connaitre est la condition sine qua non pour établir un projet d’orientation pertinent. Si vous êtes hésitant, ou émettez des choix très contrastés,  faites le point sur vos aspirations, vos matières préférées, votre personnalité, votre façon  de travailler, vos valeurs, vos hobbies, en un mot faites une analyse de vous-même . Grâce à ce  travail fait en amont , vous allez non seulement préciser vos choix mais aussi resserrer vos recherches.\r\n \r\n• Multipliez les recherches et les visites sur les salons dédiés aux études supérieures. Une fois les choix de filières déterminés, il est indispensable d’examiner ces branches d’études afin de trouver la formation la plus adéquate avec votre profil et vos projets : Université ou école ? Formation courte ou longue ? Formation sélective ou non ?\r\nLes sources d’informations sont nombreuses : le site Campusen , les sites des universités et écoles, les salons et forums dédiés à l’orientation … Les Journées Portes Ouvertes sont également très utiles pour découvrir de l’intérieur l’établissement et dialoguer à la fois avec les étudiants et les responsables pédagogiques.\r\n \r\n• Organisez des rencontres avec des amis ou parents dont les métiers pourraient vous intéresser . L’idée est que vous compreniez le contenu des métiers, la réalité de l’entreprise au travers de témoignages réels.  Interrogez vos enseignants, interviewez des professionnels de votre entourage et idéalement rencontrez un conseiller d’orientation qui apprendra à vous connaître et vous guidera dans le vaste monde du supérieur.\r\n \r\n•  Préparez-vous aux sélections des établissements. Pour être admis dans certaines formations, y compris celles des Grandes écoles,  en plus de l’étude du dossier scolaire, il est parfois nécessaire de réussir des épreuves de sélection écrites et/ou orales. Concours, entretien de motivation … vont ainsi venir s’ajouter aux révisions du Bac : il est donc nécessaire d’anticiper ce surplus de travail et de stress dans votre planning . Les épreuves écrites et orales d’admission sont propres à chaque école ou groupe d’écoles (bureau des concours) il faut donc s’entrainer pour en comprendre la logique.','posts/orientation_question.jpg','2020-08-28 01:23:43.096735','2020-08-20 23:33:29.954155','E-learning'),(2,'Mouhamed Massal GUEYE','Coordonnateur et Administrateur LES','Gestion du temps : bien planifier votre temps pour décrocher le baccalauréat','Dès les  vacances, vous devez commencer à vous mettre mentalement en « mode révision». En effet, c’est la période la plus  propice pour mettre en place une méthodologie et établir un planning hebdomadaire de révision afin de se placer dans les meilleures conditions possibles pour bien attaquer  le dernier trimestre de cours et la préparation du Baccalauréat.\r\n \r\n• Travaillez le programme, et tout le programme ! Vous devez, pour chaque matière,  maitriser parfaitement les cours et connaitre l’étendue des connaissances exigées pour l’examen. Cela signifie bien sûr que vous ne devez faire d’impasse sur  aucune partie du programme. Les prédictions de sujets des magazines ou autres mauvais informateurs ne sont que rarement avérées, et l’enjeu est trop grand pour prendre des risques inutiles. Même s’il est dès fois compliqué de tout maitriser essayer d’avoir des connaissances sur tout , mieux vaut avoir un 6/20 qu’un 0/20 !\r\n \r\n• Continuez à travailler vos points faibles ... La réussite du Baccalauréat se jouera en partie sur la capacité que vous avez à limiter les dégâts sur les matières où vous vous sentez le plus faible, si toutefois vous en avez. Vous devrez donc redoubler d’efforts afin d’acquérir un niveau convenable. N’hésitez pas à vous  faire accompagner par un enseignant si les difficultés sont vraiment importantes et si vous en avez les moyens, notamment pour que vous puissiez retrouver confiance en  vos aptitudes à gérer ces matières. Dans le cas où vous n’avez pas cette possibilité de vous faire accompagner, pas de panique ! A force de s’exercer on arrive à bout de toutes les difficultés ! N’ayez pas honte de poser  des questions à votre professeur ou même à vos camarades et privilégiez le travail de groupe.\r\n \r\n• … Et maitrisez à 100 % vos points forts. Il est important de cultiver vos matières de prédilection afin de gagner le plus de points possible. Elles sont donc à travailler jusqu’au bout.\r\n \r\n• Efforcez-vous à consulter  continuellement  les annales d’examen. Regroupant des sujets d’examen qui évaluent les connaissances issues des différentes parties du programme, les annales permettent de vérifier que tout est acquis et que vous êtes capable de mettre en application les notions de cours apprises tout au long de l’année. Il est donc indispensable que vous vous confrontiez aux annales, et ce dans les conditions de l’épreuve : le temps imparti doit être respecté, le smartphone éteint dans une autre pièce et toutes autres sollicitations éloignées. \r\nAttention ! Il est important de  noter que les annales doivent être abordés une fois les connaissances acquises et maitrisées ,sinon , tout ce que vous réussirez à faire, c’est de vous  décourager rapidement.\r\n \r\n• Accordez-vous des temps de repos et de relaxation !  Vous aurez sans doute du mal à rester focalisé pendant cette longue période au même rythme et dans des conditions de concentration satisfaisantes. L’équilibre physique et mental, ainsi que la sérénité sont des conditions essentielles de réussite. Continuez donc à faire du sport et à pratiquer vos activités, tout en  - peut-être - ralentissant le rythme progressivement, jusqu’à l’approche de l’examen.','posts/4_Fhn6nwk.jpg','2020-08-28 01:27:06.444341','2020-08-26 10:20:42.515645','E-learning');
/*!40000 ALTER TABLE `Blog_Forum_post` ENABLE KEYS */;
UNLOCK TABLES;

--
-- Table structure for table `Blog_Forum_post_likes`
--

DROP TABLE IF EXISTS `Blog_Forum_post_likes`;
/*!40101 SET @saved_cs_client     = @@character_set_client */;
/*!40101 SET character_set_client = utf8 */;
CREATE TABLE `Blog_Forum_post_likes` (
  `id` int(11) NOT NULL AUTO_INCREMENT,
  `post_id` int(11) NOT NULL,
  `user_id` int(11) NOT NULL,
  PRIMARY KEY (`id`),
  UNIQUE KEY `Blog_Forum_post_likes_post_id_user_id_a1967022_uniq` (`post_id`,`user_id`),
  KEY `Blog_Forum_post_likes_user_id_7a232ca7_fk_auth_user_id` (`user_id`),
  CONSTRAINT `Blog_Forum_post_likes_post_id_3c2d6d52_fk_Blog_Forum_post_id` FOREIGN KEY (`post_id`) REFERENCES `Blog_Forum_post` (`id`),
  CONSTRAINT `Blog_Forum_post_likes_user_id_7a232ca7_fk_auth_user_id` FOREIGN KEY (`user_id`) REFERENCES `auth_user` (`id`)
) ENGINE=InnoDB AUTO_INCREMENT=20 DEFAULT CHARSET=latin1;
/*!40101 SET character_set_client = @saved_cs_client */;

--
-- Dumping data for table `Blog_Forum_post_likes`
--

LOCK TABLES `Blog_Forum_post_likes` WRITE;
/*!40000 ALTER TABLE `Blog_Forum_post_likes` DISABLE KEYS */;
INSERT INTO `Blog_Forum_post_likes` VALUES (1,1,2),(2,1,5),(6,1,13),(7,1,29),(14,1,43),(13,1,57),(9,1,103),(11,1,125),(19,1,301),(5,2,8),(8,2,29),(15,2,43),(12,2,57),(10,2,125),(16,2,208),(18,2,301);
/*!40000 ALTER TABLE `Blog_Forum_post_likes` ENABLE KEYS */;
UNLOCK TABLES;

--
-- Table structure for table `Blog_Forum_post_tags`
--

DROP TABLE IF EXISTS `Blog_Forum_post_tags`;
/*!40101 SET @saved_cs_client     = @@character_set_client */;
/*!40101 SET character_set_client = utf8 */;
CREATE TABLE `Blog_Forum_post_tags` (
  `id` int(11) NOT NULL AUTO_INCREMENT,
  `post_id` int(11) NOT NULL,
  `tag_id` int(11) NOT NULL,
  PRIMARY KEY (`id`),
  UNIQUE KEY `Blog_Forum_post_tags_post_id_tag_id_66c14d83_uniq` (`post_id`,`tag_id`),
  KEY `Blog_Forum_post_tags_tag_id_185bc6bf_fk_Blog_Forum_tag_id` (`tag_id`),
  CONSTRAINT `Blog_Forum_post_tags_post_id_b865589d_fk_Blog_Forum_post_id` FOREIGN KEY (`post_id`) REFERENCES `Blog_Forum_post` (`id`),
  CONSTRAINT `Blog_Forum_post_tags_tag_id_185bc6bf_fk_Blog_Forum_tag_id` FOREIGN KEY (`tag_id`) REFERENCES `Blog_Forum_tag` (`id`)
) ENGINE=InnoDB AUTO_INCREMENT=3 DEFAULT CHARSET=latin1;
/*!40101 SET character_set_client = @saved_cs_client */;

--
-- Dumping data for table `Blog_Forum_post_tags`
--

LOCK TABLES `Blog_Forum_post_tags` WRITE;
/*!40000 ALTER TABLE `Blog_Forum_post_tags` DISABLE KEYS */;
INSERT INTO `Blog_Forum_post_tags` VALUES (1,1,1),(2,2,1);
/*!40000 ALTER TABLE `Blog_Forum_post_tags` ENABLE KEYS */;
UNLOCK TABLES;

--
-- Table structure for table `Blog_Forum_reponse`
--

DROP TABLE IF EXISTS `Blog_Forum_reponse`;
/*!40101 SET @saved_cs_client     = @@character_set_client */;
/*!40101 SET character_set_client = utf8 */;
CREATE TABLE `Blog_Forum_reponse` (
  `id` int(11) NOT NULL AUTO_INCREMENT,
  `reponse` longtext NOT NULL,
  `added` datetime(6) NOT NULL,
  `author_id` int(11) NOT NULL,
  `message_id` int(11) NOT NULL,
  PRIMARY KEY (`id`),
  KEY `Blog_Forum_reponse_author_id_810d198a_fk_auth_user_id` (`author_id`),
  KEY `Blog_Forum_reponse_message_id_0c7ca02a_fk_Blog_Forum_message_id` (`message_id`),
  CONSTRAINT `Blog_Forum_reponse_author_id_810d198a_fk_auth_user_id` FOREIGN KEY (`author_id`) REFERENCES `auth_user` (`id`),
  CONSTRAINT `Blog_Forum_reponse_message_id_0c7ca02a_fk_Blog_Forum_message_id` FOREIGN KEY (`message_id`) REFERENCES `Blog_Forum_message` (`id`)
) ENGINE=InnoDB DEFAULT CHARSET=latin1;
/*!40101 SET character_set_client = @saved_cs_client */;

--
-- Dumping data for table `Blog_Forum_reponse`
--

LOCK TABLES `Blog_Forum_reponse` WRITE;
/*!40000 ALTER TABLE `Blog_Forum_reponse` DISABLE KEYS */;
/*!40000 ALTER TABLE `Blog_Forum_reponse` ENABLE KEYS */;
UNLOCK TABLES;

--
-- Table structure for table `Blog_Forum_reponse_likes`
--

DROP TABLE IF EXISTS `Blog_Forum_reponse_likes`;
/*!40101 SET @saved_cs_client     = @@character_set_client */;
/*!40101 SET character_set_client = utf8 */;
CREATE TABLE `Blog_Forum_reponse_likes` (
  `id` int(11) NOT NULL AUTO_INCREMENT,
  `reponse_id` int(11) NOT NULL,
  `user_id` int(11) NOT NULL,
  PRIMARY KEY (`id`),
  UNIQUE KEY `Blog_Forum_reponse_likes_reponse_id_user_id_f633b92b_uniq` (`reponse_id`,`user_id`),
  KEY `Blog_Forum_reponse_likes_user_id_8b864ea5_fk_auth_user_id` (`user_id`),
  CONSTRAINT `Blog_Forum_reponse_l_reponse_id_ec409046_fk_Blog_Foru` FOREIGN KEY (`reponse_id`) REFERENCES `Blog_Forum_reponse` (`id`),
  CONSTRAINT `Blog_Forum_reponse_likes_user_id_8b864ea5_fk_auth_user_id` FOREIGN KEY (`user_id`) REFERENCES `auth_user` (`id`)
) ENGINE=InnoDB DEFAULT CHARSET=latin1;
/*!40101 SET character_set_client = @saved_cs_client */;

--
-- Dumping data for table `Blog_Forum_reponse_likes`
--

LOCK TABLES `Blog_Forum_reponse_likes` WRITE;
/*!40000 ALTER TABLE `Blog_Forum_reponse_likes` DISABLE KEYS */;
/*!40000 ALTER TABLE `Blog_Forum_reponse_likes` ENABLE KEYS */;
UNLOCK TABLES;

--
-- Table structure for table `Blog_Forum_tag`
--

DROP TABLE IF EXISTS `Blog_Forum_tag`;
/*!40101 SET @saved_cs_client     = @@character_set_client */;
/*!40101 SET character_set_client = utf8 */;
CREATE TABLE `Blog_Forum_tag` (
  `id` int(11) NOT NULL AUTO_INCREMENT,
  `word` varchar(250) NOT NULL,
  PRIMARY KEY (`id`)
) ENGINE=InnoDB AUTO_INCREMENT=2 DEFAULT CHARSET=latin1;
/*!40101 SET character_set_client = @saved_cs_client */;

--
-- Dumping data for table `Blog_Forum_tag`
--

LOCK TABLES `Blog_Forum_tag` WRITE;
/*!40000 ALTER TABLE `Blog_Forum_tag` DISABLE KEYS */;
INSERT INTO `Blog_Forum_tag` VALUES (1,'Thanks');
/*!40000 ALTER TABLE `Blog_Forum_tag` ENABLE KEYS */;
UNLOCK TABLES;

--
-- Table structure for table `Cours_cours`
--

DROP TABLE IF EXISTS `Cours_cours`;
/*!40101 SET @saved_cs_client     = @@character_set_client */;
/*!40101 SET character_set_client = utf8 */;
CREATE TABLE `Cours_cours` (
  `id` int(11) NOT NULL AUTO_INCREMENT,
  `titre` varchar(50) NOT NULL,
  `description` longtext NOT NULL,
  `categorie` varchar(50) NOT NULL,
  `photo` varchar(100) NOT NULL,
  `niveau_id` int(11) NOT NULL,
  PRIMARY KEY (`id`),
  KEY `Cours_cours_niveau_id_aca4b398_fk_Cours_niveau_id` (`niveau_id`),
  CONSTRAINT `Cours_cours_niveau_id_aca4b398_fk_Cours_niveau_id` FOREIGN KEY (`niveau_id`) REFERENCES `Cours_niveau` (`id`)
) ENGINE=InnoDB AUTO_INCREMENT=30 DEFAULT CHARSET=latin1;
/*!40101 SET character_set_client = @saved_cs_client */;

--
-- Dumping data for table `Cours_cours`
--

LOCK TABLES `Cours_cours` WRITE;
/*!40000 ALTER TABLE `Cours_cours` DISABLE KEYS */;
INSERT INTO `Cours_cours` VALUES (2,'BAC 2019 MATHEMATIQUES','Série S2-S2A-S4-S5\r\nCoef 5\r\nEpreuve du 1 er groupe\r\n4 heures','MATHEMATIQUES','Cours/2019_8Px0yuY.png',1),(3,'BAC 2018 MATHEMATIQUES','BAC 2018 MATHEMATIQUES\r\nSérie S\r\nEpreuve du premier groupe\r\n4 heures','MATHEMATIQUES','Cours/2018.png',1),(4,'BAC 2017 MATHEMATIQUES','BAC 2017 MATHEMATIQUES\r\nSérie S\r\n4 heures\r\nEpreuve du premier groupe','MATHEMATIQUES','Cours/2017.png',1),(5,'BAC 2016 MATHEMATIQUES','BAC 2016 MATHEMATIQUES\r\nSérie S\r\n4 heures\r\nEpreuve du premier groupe','MATHEMATIQUES','Cours/2016.png',1),(6,'BAC 2015 MATHEMATIQUES','BAC 2015 MATHEMATIQUES\r\nSérie S\r\n4 heures\r\nEpreuve du premier groupe','MATHEMATIQUES','Cours/2015.png',1),(7,'BAC 2014 MATHEMATIQUES','BAC 2015 MATHEMATIQUES\r\nSérie S\r\n4 heures\r\nEpreuve du premier groupe','MATHEMATIQUES','Cours/2014.png',1),(8,'BAC 2013 MATHEMATIQUES','BAC 2013 MATHEMATIQUES\r\nSérie S\r\n4 Heures\r\nEpreuve du premier groupe','MATHEMATIQUES','Cours/2013.png',1),(9,'BAC 2012 MATHEMATIQUES','BAC 2012 MATHEMATIQUES\r\nSérie S\r\n4 heures\r\nEpreuve du premier groupe','MATHEMATIQUES','Cours/2012.png',1),(10,'BAC 2011 MATHEMATIQUES','BAC 2011 MATHEMATIQUES\r\nSérie S\r\n4 heures\r\nEpreuve du premier groupe','MATHEMATIQUES','Cours/2011.png',1),(11,'BAC 2010 MATHEMATIQUES','BAC 2010 MATHEMATIQUES\r\nSérie S\r\n4 heures\r\nEpreuve du premier groupe','MATHEMATIQUES','Cours/2010.png',1),(12,'BAC 2019 SCIENCES PHYSIQUES','BAC 2019 SCIENCES PHYSIQUES\r\nSérie S\r\n4 Heures\r\nEpreuves du premier groupe','SCIENCES PHYSIQUES','Cours/2019_WK1P0PW.png',1),(13,'BAC 2019 SVT','BAC 2019 SVT\r\nSérie S\r\nEpreuve du premier groupe','SVT','Cours/2019_dEhmYPV.png',1),(14,'BAC 2018 SVT','BAC 2018 SVT\r\nSérie S','SVT','Cours/2018_uwO9LMP.png',1),(15,'BAC 2012 SVT','BAC 2012 SVT\r\nSérie S','SVT','Cours/2012_DXNfbRJ.png',1),(16,'BAC 2019 FRANÇAIS','BAC 2019 FRANÇAIS\r\nSérie L','FRANÇAIS','Cours/2019_CXG3vBH.png',3),(17,'BAC 2018 FRANÇAIS','BAC 2018 FRANÇAIS\r\nSerie L','FRANÇAIS','Cours/2018_sHI1wo2.png',3),(18,'BAC 2016 FRANÇAIS','BAC 2016 FRANÇAIS\r\nSérie L','FRANÇAIS','Cours/2016_rxLwtYW.png',3),(19,'BAC 2015 FRANÇAIS','BAC 2015 FRANÇAIS\r\nSérie L','FRANÇAIS','Cours/2015_HZucgYV.png',3),(20,'BAC 2014 FRANÇAIS','BAC 2014 FRANÇAIS\r\nSérie L','FRANÇAIS','Cours/2014_aopCnDe.png',3),(21,'BAC 2013 FRANÇAIS','BAC 2013 FRANÇAIS\r\nSérie L','FRANÇAIS','Cours/2013_sw2eoc5.png',3),(22,'BAC 2012 FRANÇAIS','BAC 2012 FRANÇAIS\r\nSérie L','FRANÇAIS','Cours/2012_9saxUby.png',3),(23,'BAC 2011 FRANÇAIS','BAC 2011 FRANÇAIS\r\nSérie L','FRANÇAIS','Cours/2011_K9XEzqf.png',3),(24,'BAC 2019 FRANÇAIS','BAC 2011 FRANÇAIS\r\nSérie S','FRANÇAIS','Cours/2019_Yj4BZcs.png',1),(25,'BAC 2018 FRANÇAIS','BAC 2018 FRANÇAIS\r\nSérie S','FRANÇAIS','Cours/2018_NFhiTvR.png',1),(26,'BAC 2016 FRANÇAIS','BAC 2016 FRANÇAIS\r\nSérie S','FRANÇAIS','Cours/2016_0JAe5oN.png',1),(27,'BAC 2015 FRANÇAIS','BAC 2016 FRANÇAIS\r\nSérie S','FRANÇAIS','Cours/2015_eGDdTHL.png',1),(28,'BAC 2014 FRANÇAIS','BAC 2014 FRANÇAIS\r\nSérie S','FRANÇAIS','Cours/2014_draiNsC.png',1),(29,'BAC 2019 HG','BAC 2019 HG','HISTOIRE-GEOGRAPHIE','Cours/2019_MCr5yvH.png',3);
/*!40000 ALTER TABLE `Cours_cours` ENABLE KEYS */;
UNLOCK TABLES;

--
-- Table structure for table `Cours_cours_likes`
--

DROP TABLE IF EXISTS `Cours_cours_likes`;
/*!40101 SET @saved_cs_client     = @@character_set_client */;
/*!40101 SET character_set_client = utf8 */;
CREATE TABLE `Cours_cours_likes` (
  `id` int(11) NOT NULL AUTO_INCREMENT,
  `cours_id` int(11) NOT NULL,
  `membre_id` int(11) NOT NULL,
  PRIMARY KEY (`id`),
  UNIQUE KEY `Cours_cours_likes_cours_id_membre_id_e687de8b_uniq` (`cours_id`,`membre_id`),
  KEY `Cours_cours_likes_membre_id_3d9f255f_fk_Membre_membre_id` (`membre_id`),
  CONSTRAINT `Cours_cours_likes_cours_id_bf811399_fk_Cours_cours_id` FOREIGN KEY (`cours_id`) REFERENCES `Cours_cours` (`id`),
  CONSTRAINT `Cours_cours_likes_membre_id_3d9f255f_fk_Membre_membre_id` FOREIGN KEY (`membre_id`) REFERENCES `Membre_membre` (`id`)
) ENGINE=InnoDB AUTO_INCREMENT=53 DEFAULT CHARSET=latin1;
/*!40101 SET character_set_client = @saved_cs_client */;

--
-- Dumping data for table `Cours_cours_likes`
--

LOCK TABLES `Cours_cours_likes` WRITE;
/*!40000 ALTER TABLE `Cours_cours_likes` DISABLE KEYS */;
INSERT INTO `Cours_cours_likes` VALUES (17,2,4),(36,2,12),(34,2,27),(38,2,41),(42,2,84),(45,2,102),(48,2,231),(51,2,282),(3,3,1),(41,3,67),(43,3,84),(47,3,185),(18,4,1),(5,5,1),(6,6,1),(7,7,1),(8,8,1),(9,9,1),(10,10,1),(11,11,1),(19,12,1),(44,12,88),(50,12,204),(13,13,1),(40,13,58),(46,13,122),(52,13,288),(14,14,1),(15,15,1),(37,15,12),(35,15,32),(20,16,1),(21,17,1),(22,18,1),(23,19,1),(24,20,1),(25,21,1),(26,22,1),(27,23,1),(28,24,1),(29,25,1),(30,26,1),(31,27,1),(32,28,1),(33,29,1);
/*!40000 ALTER TABLE `Cours_cours_likes` ENABLE KEYS */;
UNLOCK TABLES;

--
-- Table structure for table `Cours_coursfeedback`
--

DROP TABLE IF EXISTS `Cours_coursfeedback`;
/*!40101 SET @saved_cs_client     = @@character_set_client */;
/*!40101 SET character_set_client = utf8 */;
CREATE TABLE `Cours_coursfeedback` (
  `id` int(11) NOT NULL AUTO_INCREMENT,
  `feedback` longtext NOT NULL,
  `date` date NOT NULL,
  `cours_id` int(11) NOT NULL,
  `membre_id` int(11) NOT NULL,
  PRIMARY KEY (`id`),
  KEY `Cours_coursfeedback_cours_id_ca19ee14_fk_Cours_cours_id` (`cours_id`),
  KEY `Cours_coursfeedback_membre_id_ac4eaca4_fk_Membre_membre_id` (`membre_id`),
  CONSTRAINT `Cours_coursfeedback_cours_id_ca19ee14_fk_Cours_cours_id` FOREIGN KEY (`cours_id`) REFERENCES `Cours_cours` (`id`),
  CONSTRAINT `Cours_coursfeedback_membre_id_ac4eaca4_fk_Membre_membre_id` FOREIGN KEY (`membre_id`) REFERENCES `Membre_membre` (`id`)
) ENGINE=InnoDB AUTO_INCREMENT=28 DEFAULT CHARSET=latin1;
/*!40101 SET character_set_client = @saved_cs_client */;

--
-- Dumping data for table `Cours_coursfeedback`
--

LOCK TABLES `Cours_coursfeedback` WRITE;
/*!40000 ALTER TABLE `Cours_coursfeedback` DISABLE KEYS */;
INSERT INTO `Cours_coursfeedback` VALUES (1,'Cheikh','2020-08-22',2,1),(2,'Thanks','2020-08-23',12,1),(3,'néhouma','2020-08-23',4,5),(4,'Daguay saub','2020-08-23',4,1),(5,'thanks','2020-08-26',21,1),(6,'Thanks','2020-08-26',3,6),(7,'Thanks','2020-08-26',4,7),(8,'Merci','2020-08-26',2,9),(9,'merci','2020-08-26',2,10),(10,'merci','2020-08-26',4,11),(11,'brangu','2020-08-27',4,1),(12,'Merci ','2020-08-28',2,41),(13,'merci','2020-08-29',2,1),(14,'','2020-08-29',12,54),(15,'','2020-08-29',8,84),(16,'','2020-08-29',8,84),(17,'','2020-08-29',2,102),(18,'','2020-08-29',2,119),(19,'Très utile pour nous élèves,  merci .','2020-08-30',12,150),(20,'','2020-08-31',16,145),(21,'','2020-08-31',12,204),(22,'','2020-08-31',12,204),(23,'','2020-09-01',12,204),(24,'','2020-09-02',12,226),(25,'','2020-09-12',13,296),(26,'','2020-09-12',13,296),(27,'Merci','2020-09-27',13,1);
/*!40000 ALTER TABLE `Cours_coursfeedback` ENABLE KEYS */;
UNLOCK TABLES;

--
-- Table structure for table `Cours_documents_cours`
--

DROP TABLE IF EXISTS `Cours_documents_cours`;
/*!40101 SET @saved_cs_client     = @@character_set_client */;
/*!40101 SET character_set_client = utf8 */;
CREATE TABLE `Cours_documents_cours` (
  `id` int(11) NOT NULL AUTO_INCREMENT,
  `nom` varchar(50) NOT NULL,
  `format_fichier` varchar(50) NOT NULL,
  `fichier` varchar(100) NOT NULL,
  `cours_id` int(11) NOT NULL,
  PRIMARY KEY (`id`),
  KEY `Cours_documents_cours_cours_id_aa20a7db_fk_Cours_cours_id` (`cours_id`),
  CONSTRAINT `Cours_documents_cours_cours_id_aa20a7db_fk_Cours_cours_id` FOREIGN KEY (`cours_id`) REFERENCES `Cours_cours` (`id`)
) ENGINE=InnoDB AUTO_INCREMENT=56 DEFAULT CHARSET=latin1;
/*!40101 SET character_set_client = @saved_cs_client */;

--
-- Dumping data for table `Cours_documents_cours`
--

LOCK TABLES `Cours_documents_cours` WRITE;
/*!40000 ALTER TABLE `Cours_documents_cours` DISABLE KEYS */;
INSERT INTO `Cours_documents_cours` VALUES (2,'CORRIGE-MATHS-S2-1er-gr-2019.pdf','pdf','CORRIGE-MATHS-S2-1er-gr-2019.pdf',2),(3,'Corrigé-MATHS-S1S1AS3-GP-1-2019-ok.pdf','pdf','Corrigé-MATHS-S1S1AS3-GP-1-2019-ok.pdf',2),(4,'Maths-S1-2e-gr-2018.pdf','pdf','Maths-S1-2e-gr-2018.pdf',3),(5,'Maths-S1S3-1er-gr-2018.pdf','pdf','Maths-S1S3-1er-gr-2018.pdf',3),(6,'Maths-S2-2e-gr-2018.pdf','pdf','Maths-S2-2e-gr-2018.pdf',3),(7,'s1_math2017.pdf','pdf','s1_math2017.pdf',4),(8,'s2_math2017.pdf','pdf','s2_math2017.pdf',4),(9,'s1_math2016.pdf','pdf','s1_math2016.pdf',5),(10,'s2_math_c2016.pdf','pdf','s2_math_c2016.pdf',5),(11,'g_cmath2015.pdf','pdf','g_cmath2015.pdf',6),(12,'s1_math2015.pdf','pdf','s1_math2015.pdf',6),(13,'s2_math2015.pdf','pdf','s2_math2015.pdf',6),(14,'t1_math2015.pdf','pdf','t1_math2015.pdf',6),(15,'s1_math2013.pdf','pdf','s1_math2013.pdf',8),(16,'s1_math2013-2egr.pdf','pdf','s1_math2013-2egr.pdf',8),(17,'s1_math2012.pdf','pdf','s1_math2012.pdf',9),(18,'s1_math_c2012.pdf','pdf','s1_math_c2012.pdf',9),(19,'s2_math2012-2egr.pdf','pdf','s2_math2012-2egr.pdf',9),(20,'s1_math2011.pdf','pdf','s1_math2011.pdf',10),(21,'s2_math2011.pdf','pdf','s2_math2011.pdf',10),(22,'s_math2011.pdf','pdf','s_math2011.pdf',10),(23,'g_mathc2010.pdf','pdf','g_mathc2010.pdf',11),(24,'s2_math2010.pdf','pdf','s2_math2010.pdf',11),(25,'Sciences-Physiques-S-2e-gr-2019.pdf','pdf','Sciences-Physiques-S-2e-gr-2019.pdf',12),(26,'SVT-S2-2E-GR-2019.pdf','pdf','SVT-S2-2E-GR-2019.pdf',13),(27,'SVT-S1-2e-gr-2018.pdf','pdf','SVT-S1-2e-gr-2018.pdf',14),(28,'SVT-S1-1er-gr-2018.pdf','pdf','SVT-S1-1er-gr-2018.pdf',14),(29,'SVT-S2-1er-gr-2018.pdf','pdf','SVT-S2-1er-gr-2018.pdf',14),(30,'SVT-S2-2e-gr-2018.pdf','pdf','SVT-S2-2e-gr-2018.pdf',14),(31,'s1_svt2012.pdf','pdf','s1_svt2012.pdf',15),(32,'s2_svt2012.pdf','pdf','s2_svt2012.pdf',15),(33,'Grille-commentaire-composé-FR-L-GP1-2019.pdf','pdf','Grille-commentaire-composé-FR-L-GP1-2019.pdf',16),(34,'Grille-commentaire-suivi-FR-L-GP1-2019.pdf','pdf','Grille-commentaire-suivi-FR-L-GP1-2019.pdf',16),(35,'grille-dévaluation-du-résumé-FR-L-GP1-2019.pdf','pdf','grille-dévaluation-du-résumé-FR-L-GP1-2019.pdf',16),(36,'Grille-dissertation-littéraire-FR-L-GP1-2019.pdf','pdf','Grille-dissertation-littéraire-FR-L-GP1-2019.pdf',16),(37,'Français-LA-1er-gr-2018.pdf','pdf','Français-LA-1er-gr-2018.pdf',17),(38,'Francais-lv1-l-ar.pdf','pdf','Francais-lv1-l-ar.pdf',17),(39,'l_francais2016.pdf','pdf','l_francais2016.pdf',18),(40,'l_francais2015.pdf','pdf','l_francais2015.pdf',19),(41,'Enoncé-Français-L-1er-gr-2014.pdf','pdf','2014.png',20),(42,'Enoncé-Français-LAR-LV1-2e-gr-2014.pdf','pdf','Enoncé-Français-LAR-LV1-2e-gr-2014.pdf',20),(43,'l_francais2013.pdf','pdf','l_francais2013.pdf',21),(44,'l_francais2013-2egr.pdf','pdf','l_francais2013-2egr.pdf',21),(45,'l_francais2012.pdf','pdf','l_francais2012.pdf',22),(46,'l_francais2011.pdf','pdf','l_francais2011.pdf',23),(47,'Grille-commentaire-composé-FR-S-1er-2019.pdf','pdf','Grille-commentaire-composé-FR-S-1er-2019.pdf',24),(48,'Grille-commentaire-suivi-stabilisée-plus.pdf','pdf','Grille-commentaire-suivi-stabilisée-plus.pdf',24),(49,'grille-dévaluation-du-résumé-stabilisée-plus.pdf','pdf','grille-dévaluation-du-résumé-stabilisée-plus.pdf',24),(50,'Grille-dissertation-littéraire-FR-S-1er-2019.pdf','pdf','Grille-dissertation-littéraire-FR-S-1er-2019.pdf',24),(51,'Français-S-1er-gr-2018.pdf','pdf','Français-S-1er-gr-2018.pdf',25),(52,'l_francais2016.pdf','pdf','l_francais2016_OJOKpDA.pdf',26),(53,'l_francais2015.pdf','pdf','l_francais2015_DDfya0W.pdf',27),(54,'Enoncé-Français-S-1er-gr-2014.pdf','pdf','Enoncé-Français-S-1er-gr-2014.pdf',28),(55,'Grille-Bac-HG-1er-gr-2019-1-1.pdf','pdf','Grille-Bac-HG-1er-gr-2019-1-1.pdf',29);
/*!40000 ALTER TABLE `Cours_documents_cours` ENABLE KEYS */;
UNLOCK TABLES;

--
-- Table structure for table `Cours_membre_cours`
--

DROP TABLE IF EXISTS `Cours_membre_cours`;
/*!40101 SET @saved_cs_client     = @@character_set_client */;
/*!40101 SET character_set_client = utf8 */;
CREATE TABLE `Cours_membre_cours` (
  `id` int(11) NOT NULL AUTO_INCREMENT,
  `cours_id` int(11) NOT NULL,
  `membre_id` int(11) NOT NULL,
  PRIMARY KEY (`id`),
  KEY `Cours_membre_cours_cours_id_48789e6b_fk_Cours_cours_id` (`cours_id`),
  KEY `Cours_membre_cours_membre_id_418593c3_fk_Membre_membre_id` (`membre_id`),
  CONSTRAINT `Cours_membre_cours_cours_id_48789e6b_fk_Cours_cours_id` FOREIGN KEY (`cours_id`) REFERENCES `Cours_cours` (`id`),
  CONSTRAINT `Cours_membre_cours_membre_id_418593c3_fk_Membre_membre_id` FOREIGN KEY (`membre_id`) REFERENCES `Membre_membre` (`id`)
) ENGINE=InnoDB AUTO_INCREMENT=262 DEFAULT CHARSET=latin1;
/*!40101 SET character_set_client = @saved_cs_client */;

--
-- Dumping data for table `Cours_membre_cours`
--

LOCK TABLES `Cours_membre_cours` WRITE;
/*!40000 ALTER TABLE `Cours_membre_cours` DISABLE KEYS */;
INSERT INTO `Cours_membre_cours` VALUES (4,2,1),(5,3,1),(6,4,1),(7,6,1),(8,8,1),(9,2,2),(10,12,1),(11,15,1),(12,13,3),(13,2,4),(14,4,2),(16,4,5),(17,14,2),(18,12,2),(19,16,1),(20,21,1),(21,3,6),(22,4,7),(23,2,9),(24,2,10),(25,4,11),(26,19,1),(27,24,1),(28,25,2),(29,24,2),(30,29,1),(31,17,15),(32,29,16),(33,13,17),(34,2,18),(35,2,12),(36,2,23),(37,2,27),(38,26,30),(39,2,31),(40,13,32),(41,15,32),(42,15,12),(43,2,41),(44,2,45),(45,12,45),(46,12,46),(47,16,47),(48,17,47),(49,2,52),(50,2,54),(51,12,54),(52,13,58),(53,15,58),(54,24,58),(55,26,58),(56,2,58),(57,4,58),(58,12,58),(59,12,59),(60,2,62),(61,2,66),(62,5,2),(63,3,67),(64,2,69),(65,2,71),(66,16,73),(67,29,74),(68,3,75),(69,13,45),(70,15,79),(71,2,84),(72,3,84),(73,4,84),(74,5,84),(75,6,84),(76,7,84),(77,8,84),(78,9,84),(79,10,84),(80,11,84),(81,2,87),(82,12,88),(84,3,92),(85,2,92),(86,12,93),(87,13,95),(88,29,98),(89,2,99),(90,23,101),(91,2,102),(92,2,81),(93,3,81),(94,13,81),(95,12,75),(96,2,106),(97,29,113),(98,9,116),(99,2,116),(100,2,117),(101,2,119),(102,12,122),(103,13,122),(104,24,125),(105,13,129),(106,12,129),(107,2,129),(108,24,130),(109,25,130),(110,14,131),(111,22,133),(112,17,89),(113,2,135),(114,2,137),(115,2,138),(116,4,115),(117,13,143),(118,13,142),(119,2,144),(120,7,144),(121,2,147),(122,23,145),(123,3,148),(124,24,148),(125,12,150),(126,29,151),(127,23,151),(128,3,157),(129,12,157),(130,24,159),(131,27,159),(132,11,162),(133,8,163),(134,8,162),(135,12,165),(136,16,119),(137,2,170),(138,12,170),(139,18,172),(143,3,181),(144,2,182),(145,2,184),(146,3,185),(147,2,186),(148,2,187),(149,13,191),(150,2,193),(151,16,194),(152,16,192),(153,17,192),(154,2,196),(155,16,145),(156,2,198),(157,12,198),(158,29,199),(159,15,203),(160,14,203),(161,12,204),(162,17,206),(163,12,206),(164,3,208),(165,6,208),(166,2,209),(167,5,208),(168,13,207),(169,2,212),(170,24,213),(171,3,217),(172,25,220),(173,16,222),(174,2,225),(175,2,227),(176,2,228),(177,3,228),(178,2,231),(179,12,232),(180,12,233),(181,25,236),(182,14,236),(183,3,237),(184,3,45),(185,6,238),(186,2,238),(187,5,45),(188,12,242),(189,2,243),(190,24,245),(191,13,246),(192,2,248),(193,2,250),(194,11,252),(195,12,226),(196,8,226),(197,3,226),(198,6,226),(199,2,226),(200,4,226),(201,24,260),(202,4,261),(203,13,167),(204,12,263),(205,2,263),(206,14,265),(207,14,268),(208,16,269),(209,29,269),(210,12,269),(211,2,271),(212,10,271),(213,29,274),(214,16,275),(215,12,276),(216,2,279),(217,2,281),(218,24,281),(219,2,282),(220,12,282),(221,24,282),(222,12,250),(223,13,250),(224,2,283),(225,24,145),(226,2,284),(227,29,192),(228,12,285),(229,23,274),(230,13,288),(231,2,289),(232,16,292),(233,25,45),(234,13,296),(235,12,296),(236,19,110),(237,2,110),(238,5,298),(239,2,299),(240,2,300),(241,12,300),(242,10,300),(243,12,302),(244,12,305),(245,2,307),(246,12,307),(247,15,308),(248,12,309),(249,4,294),(250,12,294),(251,12,310),(252,13,1),(253,20,311),(254,2,312),(255,7,312),(256,25,314),(257,2,314),(258,16,317),(259,16,318),(260,2,323),(261,3,324);
/*!40000 ALTER TABLE `Cours_membre_cours` ENABLE KEYS */;
UNLOCK TABLES;

--
-- Table structure for table `Cours_niveau`
--

DROP TABLE IF EXISTS `Cours_niveau`;
/*!40101 SET @saved_cs_client     = @@character_set_client */;
/*!40101 SET character_set_client = utf8 */;
CREATE TABLE `Cours_niveau` (
  `id` int(11) NOT NULL AUTO_INCREMENT,
  `niveau` varchar(50) NOT NULL,
  `photo` varchar(100) NOT NULL,
  PRIMARY KEY (`id`)
) ENGINE=InnoDB AUTO_INCREMENT=4 DEFAULT CHARSET=latin1;
/*!40101 SET character_set_client = @saved_cs_client */;

--
-- Dumping data for table `Cours_niveau`
--

LOCK TABLES `Cours_niveau` WRITE;
/*!40000 ALTER TABLE `Cours_niveau` DISABLE KEYS */;
INSERT INTO `Cours_niveau` VALUES (1,'Terminale S','Classes/T.jpg'),(2,'Troisième','Classes/3g.jpg'),(3,'Terminale L','Classes/TL.png');
/*!40000 ALTER TABLE `Cours_niveau` ENABLE KEYS */;
UNLOCK TABLES;

--
-- Table structure for table `Membre_membre`
--

DROP TABLE IF EXISTS `Membre_membre`;
/*!40101 SET @saved_cs_client     = @@character_set_client */;
/*!40101 SET character_set_client = utf8 */;
CREATE TABLE `Membre_membre` (
  `id` int(11) NOT NULL AUTO_INCREMENT,
  `niveau` varchar(50) NOT NULL,
  `user_id` int(11) NOT NULL,
  PRIMARY KEY (`id`),
  UNIQUE KEY `user_id` (`user_id`),
  CONSTRAINT `Membre_membre_user_id_166be4f5_fk_auth_user_id` FOREIGN KEY (`user_id`) REFERENCES `auth_user` (`id`)
) ENGINE=InnoDB AUTO_INCREMENT=325 DEFAULT CHARSET=latin1;
/*!40101 SET character_set_client = @saved_cs_client */;

--
-- Dumping data for table `Membre_membre`
--

LOCK TABLES `Membre_membre` WRITE;
/*!40000 ALTER TABLE `Membre_membre` DISABLE KEYS */;
INSERT INTO `Membre_membre` VALUES (1,'Terminale S',2),(2,'terminale',3),(3,'Terminale',4),(4,'Terminale',5),(5,'Troisième',6),(6,'Terminale',7),(7,'Terminale S',8),(8,'Terminale S',9),(9,'Terminale S',10),(10,'Terminale S',11),(11,'Terminale S',12),(12,'Terminale L',13),(13,'Licence 2',14),(14,'Licence 2',15),(15,'Licence2',17),(16,'Classe de Terminal',18),(17,'Licence 1 médecine',19),(18,'1ère année universitaire',20),(19,'Étude supérieur',21),(20,'L1',22),(21,'Terminal',23),(22,'BT',24),(23,'Étude supérieur',25),(24,'Master 1',26),(25,'L1',27),(26,'Étudiant',28),(27,'Terminale s1',29),(28,'Terminal S',30),(29,'Licence 3',31),(30,'Licence',32),(31,'Master',33),(32,'Master 2',34),(33,'Licence',35),(34,'Terminale s',36),(35,'Première S1',37),(36,'Licence 2',38),(37,'Licence 1 Maths Physique Informatique',39),(38,'Master 2',40),(39,'1er Anne en Stid',41),(40,'master',42),(41,'BTS',43),(42,'Master 1',44),(43,'Master2',45),(44,'Debitante',46),(45,'Terminal S2',47),(46,'Master',48),(47,'Terminal',49),(48,'licence 3',50),(49,'Premiere',51),(50,'L2',52),(51,'Master',53),(52,'Licence 2',54),(53,'1ere année',56),(54,'terminale',57),(55,'1erS',58),(56,'L1',59),(57,'Master',60),(58,'Sakina78495',61),(59,'Tout',62),(60,'Master',63),(61,'2ème année dut',64),(62,'L1',65),(63,'Master',66),(64,'Professionnel',67),(65,'Master',68),(66,'bac+5',69),(67,'Bac+1',70),(68,'Licence 2',71),(69,'Master',72),(70,'Licence 1',73),(71,'Licence 1',74),(72,'Licence 2',75),(73,'Licence 2',76),(74,'Master 2',77),(75,'Licence 2',78),(76,'Licence 2',79),(77,'Licence',80),(78,'Licence 3',81),(79,'Licence',82),(80,'terminale',83),(81,'Troisieme',84),(82,'Terminale S',85),(83,'Terminale S',86),(84,'1ere S1',87),(85,'1ère',88),(86,'Licence1',89),(87,'Terminale',90),(88,'Licence 1',91),(89,'Première',92),(90,'4e année Ingénieur',93),(91,'3ème',94),(92,'Terminale',95),(93,'Première',96),(94,'1ere année',97),(95,'Master 2',98),(96,'licence 1 en biologie chimie et géosciences',99),(97,'Bac+2',100),(98,'Étudiant',101),(99,'Première',102),(100,'Étudiant',103),(101,'terminale',104),(102,'Terminal',105),(103,'L2',106),(104,'Licence 3',107),(105,'M1',108),(106,'Terminal',109),(107,'Première s',110),(108,'Technicienne',111),(109,'Terminale',112),(110,'Licence 2',113),(111,'M2',114),(112,'Licence 3',115),(113,'Licence 1',116),(114,'Première S1',117),(115,'DUT',118),(116,'Terminale',119),(117,'4e année Ecole Polytechnique de Thiès',120),(118,'Bep',121),(119,'Licence 1',122),(120,'Université',123),(121,'3ème année génie informatique',124),(122,'Terminal',125),(123,'Licence 1',126),(124,'Licence2',127),(125,'Bac+6 Genie Civil',128),(126,'L2',129),(127,'Licence1',130),(128,'Licence 2 medecine',131),(129,'Mastère2',132),(130,'Bac + 6',133),(131,'Terminale',134),(132,'Licence 1 en RT',135),(133,'Licence 3',136),(134,'3ieme',137),(135,'Test',138),(136,'Bac +3',139),(137,'Terminale',140),(138,'Etudiant',141),(139,'Tc1',142),(140,'Terminale',143),(141,'Terminale S2',144),(142,'Moyen',145),(143,'1ers',146),(144,'Bac+5',147),(145,'Première S1',148),(146,'Première année',149),(147,'Terminale',150),(148,'M2',151),(149,'Licence 1',152),(150,'Terminale',153),(151,'Terminal L2',154),(152,'Licence 1',155),(153,'L1',156),(154,'Bac+2',157),(155,'Licence 1',158),(156,'Master',159),(157,'Université',160),(158,'3eme',161),(159,'BAC+5',162),(160,'Licence',163),(161,'5',164),(162,'1ère S1',165),(163,'Tle',166),(164,'Licence 1',167),(165,'Terminale s2',168),(166,'Étudiant L1',169),(167,'Terminal',170),(168,'Licence3',171),(169,'Licence 3',172),(170,'Bac S2',173),(171,'Ingénieur',174),(172,'Licence 1',175),(173,'licence3',176),(174,'M1',177),(175,'licence 1',178),(176,'Première',179),(177,'Terminal T1',180),(178,'Terminal T1',181),(179,'Licence 2',182),(180,'Doctorat',183),(181,'1er',184),(182,'1ereS1',185),(183,'supérieur',186),(184,'Terminal',187),(185,'Terminal',188),(186,'1',189),(187,'4éme Anné',190),(188,'license',191),(189,'licence 3',192),(190,'Oui',193),(191,'Master 1 Médecine',194),(192,'Bac',195),(193,'Master',196),(194,'Licence 1',197),(195,'Terminale',198),(196,'Ts2',199),(197,'première année géographie',200),(198,'Terminale s1',202),(199,'Colle2000',203),(200,'Licence 1',204),(201,'5e',205),(202,'Master',206),(203,'Master',207),(204,'Terminal S2',208),(205,'Licence 3',209),(206,'Licence 1 Arabe',210),(207,'Licence1',211),(208,'Sup',212),(209,'terminale',213),(210,'Licence 3',214),(211,'Moyen-Secondaire',215),(212,'2eme Annee DUT',216),(213,'Débutant',217),(214,'débutant',218),(215,'Bac+3',219),(216,'Licence 1',220),(217,'Terminale S1',221),(218,'Licence 1',222),(219,'Bac +2',223),(220,'Licence',224),(221,'première année informatique',225),(222,'Bac',226),(223,'Licence 3 physique chimie',227),(224,'licence 3',228),(225,'licence',229),(226,'terminale',230),(227,'Licence 1 mpi',231),(228,'Premier année droit',232),(229,'3ieme',233),(230,'BAC+3',234),(231,'Terminale S',235),(232,'Terminal',236),(233,'plus de Bac+5',237),(234,'Licence 3',238),(235,'terminale',239),(236,'Bac',240),(237,'Master',241),(238,'TS',242),(239,'Debutant',243),(240,'Master',244),(241,'Première s',245),(242,'Licence 1',246),(243,'CP',247),(244,'Cp2',248),(245,'Licence-Lettres',249),(246,'Première',250),(247,'Licence 3',251),(248,'Terminale',252),(249,'Étudiant',253),(250,'L1',254),(251,'Licence3',255),(252,'Master',256),(253,'Licence 1',257),(254,'Terminale S2',258),(255,'3eme secondaire',259),(256,'Étudiante',260),(257,'terminal',261),(258,'Licence',262),(259,'Universitaire',263),(260,'Professeur',264),(261,'Bac',265),(262,'TerminalS2',266),(263,'L2',267),(264,'troisiéme',268),(265,'Terminale',269),(266,'Master',270),(267,'Terminale',271),(268,'Terminale',272),(269,'3e',273),(270,'Bouba210',274),(271,'Bac',275),(272,'Master',276),(273,'Étudiant L1',277),(274,'Terminale',278),(275,'Université',279),(276,'Terminale S',280),(277,'TleD',281),(278,'LICENCE 2',282),(279,'Ingénieur d\'état',283),(280,'2nd',284),(281,'Terminale',285),(282,'Terminale S',286),(283,'Terminal S2',287),(284,'DUT2',288),(285,'Terminal',289),(286,'Premiere',290),(287,'Premiere',291),(288,'TL S2',292),(289,'terminal',293),(290,'Première',294),(291,'Master 2',295),(292,'Licence 3 philosophie',296),(293,'1ère',297),(294,'Terminale',298),(295,'1ere s2',299),(296,'Terminale',300),(297,'master 2',301),(298,'terminal',302),(299,'terminales',303),(300,'Terminale C',304),(301,'terminale S1',305),(302,'Licence 1',306),(303,'Première année en cycle ingénieur',307),(304,'Bac +2',308),(305,'Licence 3',309),(306,'Licence',310),(307,'Terminale',311),(308,'Terminale S2',312),(309,'Premiere S',313),(310,'1ère S1',314),(311,'Terminale',315),(312,'Enseignant collège',316),(313,'professionnel',317),(314,'3em',318),(315,'Bachelier',319),(316,'Première',320),(317,'Première',321),(318,'Bac',322),(319,'3ème',323),(320,'Terminale S',324),(321,'etudiant',325),(322,'Première année à l’université',326),(323,'Première année à l’université',327),(324,'Doctorant',328);
/*!40000 ALTER TABLE `Membre_membre` ENABLE KEYS */;
UNLOCK TABLES;

--
-- Table structure for table `Visiteur_annonces`
--

DROP TABLE IF EXISTS `Visiteur_annonces`;
/*!40101 SET @saved_cs_client     = @@character_set_client */;
/*!40101 SET character_set_client = utf8 */;
CREATE TABLE `Visiteur_annonces` (
  `id` int(11) NOT NULL AUTO_INCREMENT,
  `titre` varchar(50) NOT NULL,
  `categorie` varchar(50) NOT NULL,
  `contenu` longtext NOT NULL,
  `date` datetime(6) NOT NULL,
  PRIMARY KEY (`id`)
) ENGINE=InnoDB DEFAULT CHARSET=latin1;
/*!40101 SET character_set_client = @saved_cs_client */;

--
-- Dumping data for table `Visiteur_annonces`
--

LOCK TABLES `Visiteur_annonces` WRITE;
/*!40000 ALTER TABLE `Visiteur_annonces` DISABLE KEYS */;
/*!40000 ALTER TABLE `Visiteur_annonces` ENABLE KEYS */;
UNLOCK TABLES;

--
-- Table structure for table `Visiteur_documents`
--

DROP TABLE IF EXISTS `Visiteur_documents`;
/*!40101 SET @saved_cs_client     = @@character_set_client */;
/*!40101 SET character_set_client = utf8 */;
CREATE TABLE `Visiteur_documents` (
  `id` int(11) NOT NULL AUTO_INCREMENT,
  `nom` varchar(50) NOT NULL,
  `format_fichier` varchar(50) NOT NULL,
  `fichier` varchar(100) NOT NULL,
  `annonces_id` int(11) NOT NULL,
  PRIMARY KEY (`id`),
  KEY `Visiteur_documents_annonces_id_542f4477_fk_Visiteur_annonces_id` (`annonces_id`),
  CONSTRAINT `Visiteur_documents_annonces_id_542f4477_fk_Visiteur_annonces_id` FOREIGN KEY (`annonces_id`) REFERENCES `Visiteur_annonces` (`id`)
) ENGINE=InnoDB DEFAULT CHARSET=latin1;
/*!40101 SET character_set_client = @saved_cs_client */;

--
-- Dumping data for table `Visiteur_documents`
--

LOCK TABLES `Visiteur_documents` WRITE;
/*!40000 ALTER TABLE `Visiteur_documents` DISABLE KEYS */;
/*!40000 ALTER TABLE `Visiteur_documents` ENABLE KEYS */;
UNLOCK TABLES;

--
-- Table structure for table `Visiteur_newsletter`
--

DROP TABLE IF EXISTS `Visiteur_newsletter`;
/*!40101 SET @saved_cs_client     = @@character_set_client */;
/*!40101 SET character_set_client = utf8 */;
CREATE TABLE `Visiteur_newsletter` (
  `id` int(11) NOT NULL AUTO_INCREMENT,
  `email` varchar(254) NOT NULL,
  `date_added` datetime(6) NOT NULL,
  PRIMARY KEY (`id`)
) ENGINE=InnoDB DEFAULT CHARSET=latin1;
/*!40101 SET character_set_client = @saved_cs_client */;

--
-- Dumping data for table `Visiteur_newsletter`
--

LOCK TABLES `Visiteur_newsletter` WRITE;
/*!40000 ALTER TABLE `Visiteur_newsletter` DISABLE KEYS */;
/*!40000 ALTER TABLE `Visiteur_newsletter` ENABLE KEYS */;
UNLOCK TABLES;

--
-- Table structure for table `auth_group`
--

DROP TABLE IF EXISTS `auth_group`;
/*!40101 SET @saved_cs_client     = @@character_set_client */;
/*!40101 SET character_set_client = utf8 */;
CREATE TABLE `auth_group` (
  `id` int(11) NOT NULL AUTO_INCREMENT,
  `name` varchar(150) NOT NULL,
  PRIMARY KEY (`id`),
  UNIQUE KEY `name` (`name`)
) ENGINE=InnoDB DEFAULT CHARSET=latin1;
/*!40101 SET character_set_client = @saved_cs_client */;

--
-- Dumping data for table `auth_group`
--

LOCK TABLES `auth_group` WRITE;
/*!40000 ALTER TABLE `auth_group` DISABLE KEYS */;
/*!40000 ALTER TABLE `auth_group` ENABLE KEYS */;
UNLOCK TABLES;

--
-- Table structure for table `auth_group_permissions`
--

DROP TABLE IF EXISTS `auth_group_permissions`;
/*!40101 SET @saved_cs_client     = @@character_set_client */;
/*!40101 SET character_set_client = utf8 */;
CREATE TABLE `auth_group_permissions` (
  `id` int(11) NOT NULL AUTO_INCREMENT,
  `group_id` int(11) NOT NULL,
  `permission_id` int(11) NOT NULL,
  PRIMARY KEY (`id`),
  UNIQUE KEY `auth_group_permissions_group_id_permission_id_0cd325b0_uniq` (`group_id`,`permission_id`),
  KEY `auth_group_permissio_permission_id_84c5c92e_fk_auth_perm` (`permission_id`),
  CONSTRAINT `auth_group_permissio_permission_id_84c5c92e_fk_auth_perm` FOREIGN KEY (`permission_id`) REFERENCES `auth_permission` (`id`),
  CONSTRAINT `auth_group_permissions_group_id_b120cbf9_fk_auth_group_id` FOREIGN KEY (`group_id`) REFERENCES `auth_group` (`id`)
) ENGINE=InnoDB DEFAULT CHARSET=latin1;
/*!40101 SET character_set_client = @saved_cs_client */;

--
-- Dumping data for table `auth_group_permissions`
--

LOCK TABLES `auth_group_permissions` WRITE;
/*!40000 ALTER TABLE `auth_group_permissions` DISABLE KEYS */;
/*!40000 ALTER TABLE `auth_group_permissions` ENABLE KEYS */;
UNLOCK TABLES;

--
-- Table structure for table `auth_permission`
--

DROP TABLE IF EXISTS `auth_permission`;
/*!40101 SET @saved_cs_client     = @@character_set_client */;
/*!40101 SET character_set_client = utf8 */;
CREATE TABLE `auth_permission` (
  `id` int(11) NOT NULL AUTO_INCREMENT,
  `name` varchar(255) NOT NULL,
  `content_type_id` int(11) NOT NULL,
  `codename` varchar(100) NOT NULL,
  PRIMARY KEY (`id`),
  UNIQUE KEY `auth_permission_content_type_id_codename_01ab375a_uniq` (`content_type_id`,`codename`),
  CONSTRAINT `auth_permission_content_type_id_2f476e4b_fk_django_co` FOREIGN KEY (`content_type_id`) REFERENCES `django_content_type` (`id`)
) ENGINE=InnoDB AUTO_INCREMENT=85 DEFAULT CHARSET=latin1;
/*!40101 SET character_set_client = @saved_cs_client */;

--
-- Dumping data for table `auth_permission`
--

LOCK TABLES `auth_permission` WRITE;
/*!40000 ALTER TABLE `auth_permission` DISABLE KEYS */;
INSERT INTO `auth_permission` VALUES (1,'Can add log entry',1,'add_logentry'),(2,'Can change log entry',1,'change_logentry'),(3,'Can delete log entry',1,'delete_logentry'),(4,'Can view log entry',1,'view_logentry'),(5,'Can add permission',2,'add_permission'),(6,'Can change permission',2,'change_permission'),(7,'Can delete permission',2,'delete_permission'),(8,'Can view permission',2,'view_permission'),(9,'Can add group',3,'add_group'),(10,'Can change group',3,'change_group'),(11,'Can delete group',3,'delete_group'),(12,'Can view group',3,'view_group'),(13,'Can add user',4,'add_user'),(14,'Can change user',4,'change_user'),(15,'Can delete user',4,'delete_user'),(16,'Can view user',4,'view_user'),(17,'Can add content type',5,'add_contenttype'),(18,'Can change content type',5,'change_contenttype'),(19,'Can delete content type',5,'delete_contenttype'),(20,'Can view content type',5,'view_contenttype'),(21,'Can add session',6,'add_session'),(22,'Can change session',6,'change_session'),(23,'Can delete session',6,'delete_session'),(24,'Can view session',6,'view_session'),(25,'Can add cours',7,'add_cours'),(26,'Can change cours',7,'change_cours'),(27,'Can delete cours',7,'delete_cours'),(28,'Can view cours',7,'view_cours'),(29,'Can add niveau',8,'add_niveau'),(30,'Can change niveau',8,'change_niveau'),(31,'Can delete niveau',8,'delete_niveau'),(32,'Can view niveau',8,'view_niveau'),(33,'Can add membre_ cours',9,'add_membre_cours'),(34,'Can change membre_ cours',9,'change_membre_cours'),(35,'Can delete membre_ cours',9,'delete_membre_cours'),(36,'Can view membre_ cours',9,'view_membre_cours'),(37,'Can add documents_ cours',10,'add_documents_cours'),(38,'Can change documents_ cours',10,'change_documents_cours'),(39,'Can delete documents_ cours',10,'delete_documents_cours'),(40,'Can view documents_ cours',10,'view_documents_cours'),(41,'Can add cours feedback',11,'add_coursfeedback'),(42,'Can change cours feedback',11,'change_coursfeedback'),(43,'Can delete cours feedback',11,'delete_coursfeedback'),(44,'Can view cours feedback',11,'view_coursfeedback'),(45,'Can add membre',12,'add_membre'),(46,'Can change membre',12,'change_membre'),(47,'Can delete membre',12,'delete_membre'),(48,'Can view membre',12,'view_membre'),(49,'Can add annonces',13,'add_annonces'),(50,'Can change annonces',13,'change_annonces'),(51,'Can delete annonces',13,'delete_annonces'),(52,'Can view annonces',13,'view_annonces'),(53,'Can add newsletter',14,'add_newsletter'),(54,'Can change newsletter',14,'change_newsletter'),(55,'Can delete newsletter',14,'delete_newsletter'),(56,'Can view newsletter',14,'view_newsletter'),(57,'Can add documents',15,'add_documents'),(58,'Can change documents',15,'change_documents'),(59,'Can delete documents',15,'delete_documents'),(60,'Can view documents',15,'view_documents'),(61,'Can add message',16,'add_message'),(62,'Can change message',16,'change_message'),(63,'Can delete message',16,'delete_message'),(64,'Can view message',16,'view_message'),(65,'Can add poeme',17,'add_poeme'),(66,'Can change poeme',17,'change_poeme'),(67,'Can delete poeme',17,'delete_poeme'),(68,'Can view poeme',17,'view_poeme'),(69,'Can add tag',18,'add_tag'),(70,'Can change tag',18,'change_tag'),(71,'Can delete tag',18,'delete_tag'),(72,'Can view tag',18,'view_tag'),(73,'Can add reponse',19,'add_reponse'),(74,'Can change reponse',19,'change_reponse'),(75,'Can delete reponse',19,'delete_reponse'),(76,'Can view reponse',19,'view_reponse'),(77,'Can add post',20,'add_post'),(78,'Can change post',20,'change_post'),(79,'Can delete post',20,'delete_post'),(80,'Can view post',20,'view_post'),(81,'Can add comments',21,'add_comments'),(82,'Can change comments',21,'change_comments'),(83,'Can delete comments',21,'delete_comments'),(84,'Can view comments',21,'view_comments');
/*!40000 ALTER TABLE `auth_permission` ENABLE KEYS */;
UNLOCK TABLES;

--
-- Table structure for table `auth_user`
--

DROP TABLE IF EXISTS `auth_user`;
/*!40101 SET @saved_cs_client     = @@character_set_client */;
/*!40101 SET character_set_client = utf8 */;
CREATE TABLE `auth_user` (
  `id` int(11) NOT NULL AUTO_INCREMENT,
  `password` varchar(128) NOT NULL,
  `last_login` datetime(6) DEFAULT NULL,
  `is_superuser` tinyint(1) NOT NULL,
  `username` varchar(150) NOT NULL,
  `first_name` varchar(30) NOT NULL,
  `last_name` varchar(150) NOT NULL,
  `email` varchar(254) NOT NULL,
  `is_staff` tinyint(1) NOT NULL,
  `is_active` tinyint(1) NOT NULL,
  `date_joined` datetime(6) NOT NULL,
  PRIMARY KEY (`id`),
  UNIQUE KEY `username` (`username`)
) ENGINE=InnoDB AUTO_INCREMENT=329 DEFAULT CHARSET=latin1;
/*!40101 SET character_set_client = @saved_cs_client */;

--
-- Dumping data for table `auth_user`
--

LOCK TABLES `auth_user` WRITE;
/*!40000 ALTER TABLE `auth_user` DISABLE KEYS */;
INSERT INTO `auth_user` VALUES (1,'pbkdf2_sha256$180000$rHeETmeFbj10$/sNpTb7TGl8/vS+j/4ZtImvw24vwl0hBxF1kVd7Ira8=','2020-10-11 01:29:30.079359',1,'falloudiakhate','','','dfallou@ept.sn',1,1,'2020-08-20 23:21:33.927633'),(2,'pbkdf2_sha256$180000$51ii0RoQqKfo$z80bV5hq9Y/QLpNf9goVXiD3suWdgSau9FMGJGuKN4Q=','2020-09-19 20:52:59.247931',0,'khadimdiakhate','AAAAAAAAA','QQQQQQQQQQQQQ','khadim@ept.sn',0,1,'2020-08-20 23:24:39.215774'),(3,'pbkdf2_sha256$180000$TsukdiZeXVKr$qOaEJLZfW1zMUwjyueYLeY2HpSPT1TmTV/yI0n+NJUM=','2020-08-29 10:32:17.816009',0,'ndiaye.dia','ndiaye','dia','ndiaye.dia931@gmail.com',0,1,'2020-08-21 19:09:07.647929'),(4,'pbkdf2_sha256$180000$9dCdFE2AOm5D$t2rvcEht7+YjfVg6bjbHdwZjRPzDLRtEQ0x3M+HQxzQ=','2020-08-23 11:02:57.190492',0,'Papeablayediakhate27@gmail.com','Pape Ablaye','Diakhate','papeablayediakhate27@gmail.com',0,1,'2020-08-23 11:02:49.087530'),(5,'pbkdf2_sha256$180000$nqbtoq8py6Eb$Fi3oqJW9Ytwyx/M8yOKvb6yFcliDo3gUZgbKE7nc4I8=','2020-08-28 02:09:26.990922',0,'dkhadim','Khadim','Diakhate','dkhadim@ept.sn',0,1,'2020-08-23 11:17:03.622480'),(6,'pbkdf2_sha256$180000$Z2P8mYuwzxB0$fo3zwXMbaN4HoLn3MmSR87k81gPg+9B2YA3E/QTdZl4=','2020-08-29 13:30:29.440220',0,'malickdiouf','Malick','DIOUF','malickdiouf520@gmail.com',0,1,'2020-08-23 11:47:15.868912'),(7,'pbkdf2_sha256$180000$mEYB8SBCJvMl$rUtNzqn3CVqw0q4iQHyPpFPMThKH/EcdPV489rmi/xc=','2020-08-26 09:59:53.124477',0,'abdoufaye','Abdou','Faye','abdoufaye@gmail.com',0,1,'2020-08-26 09:59:37.435252'),(8,'pbkdf2_sha256$180000$qqx1ScFMSMav$aP5vyij5BoTePIS74PIV4flUxksVwZqQ4UBBuLdNfyA=','2020-08-26 10:08:29.215190',0,'khadimciss','khadim','ciss','khadimciss@gmail.com',0,1,'2020-08-26 10:08:15.528775'),(9,'pbkdf2_sha256$180000$ZiKtDhunWHn0$hWQSOd0cmFdFnyk5W8fn+TiQW7aFRyBwTXJ9s/2CiRQ=',NULL,0,'ALIOUSARR','ALIOU','SARR','aliousarr@gmail.com',0,1,'2020-08-26 10:23:27.023307'),(10,'pbkdf2_sha256$180000$MmSG16IoT7lN$L43M1JwqktHVa2uxkzVkPlTxLMcImddBWCy1yia9oNw=','2020-08-26 10:25:50.313535',0,'alioufall','Aliou','Fall','alioufall@gmail.com',0,1,'2020-08-26 10:25:35.803420'),(11,'pbkdf2_sha256$180000$scFfnZdbHmFX$Ba3dtPexCRu0xJPS8YnQWALReOXN8jDsedOqRfV8g0A=','2020-08-26 12:23:53.797456',0,'ablayesene','Ablaye','SENE','ablayesene@gmail.com',0,1,'2020-08-26 12:23:39.824914'),(12,'pbkdf2_sha256$180000$xfVUhgrMilFX$4e9SQ9AMyb8q+ikHE+wHQNvK8az7kmDR5bN/1PMTK6k=','2020-08-26 12:29:09.669095',0,'modoufall','Modou','FALL','modoufall@gmail.com',0,1,'2020-08-26 12:28:57.928357'),(13,'pbkdf2_sha256$180000$77jAkA4ETbBD$rZ25Gh79ceVe+66gIo7JIg4+mN24Aqho/ZY1s6+YHOc=','2020-08-28 12:59:59.084614',0,'matyfall','Maty','Fall','maty@gmail.com',0,1,'2020-08-27 15:36:46.475621'),(14,'pbkdf2_sha256$180000$fuRK6FFautAQ$MidYCQkcgbmwqiD1awkMAGiLIIii1MyIQc9IqTVVyfE=',NULL,0,'DLN2.0','Djiby','Ndao','djibyndao77@gmail.com',0,1,'2020-08-28 15:49:49.040467'),(15,'pbkdf2_sha256$180000$h0zOkntdWvYo$nJdKOrV2qCydswM95yALnThYZnGdZSixxhOdpdoJ1KE=','2020-08-28 15:50:51.793317',0,'Djibyndao','Djiby','Ndao','djibyndao77@gmail.com',0,1,'2020-08-28 15:50:38.851837'),(16,'pbkdf2_sha256$180000$iY1wLaWnmOt8$FiPS2UAvm1R+Tjzom4WBmMSK7TOHXVF5e/3vZ/dh7mc=','2020-10-05 08:20:56.220819',1,'ndiayedia','','','ndiaye.dia931@gmail.com',1,1,'2020-08-28 17:24:07.458597'),(17,'pbkdf2_sha256$180000$8tRXx1PWYgZk$WCLnk6hqqe4MBcssUblvReJBq009wzx4EaunI12rR8E=','2020-08-28 21:47:15.513886',0,'cheikhtidiane0403@gmail.com','Cheikh tidiane','Ndiaye','cheikhtidiane0403@gmail.com',0,1,'2020-08-28 21:47:04.284378'),(18,'pbkdf2_sha256$180000$5wv93LvcrkXW$DAzXHMvigOVLsOLPSUAv9Zg3O6ds3MpY7NyuxFTOoq4=','2020-08-28 21:48:55.766927',0,'Babacar','Babacar','Pouye','carbabalefantome96@gmail.com',0,1,'2020-08-28 21:47:31.742225'),(19,'pbkdf2_sha256$180000$EXKlPqEjlQVh$T9OSJiHAwLhSYTI6eUd8Vv9w40EcG3y7ay24NQbgTz4=','2020-08-28 21:48:22.476375',0,'SARR','Marie Rosalie','Sarr','mariarosesarr@gmail.com',0,1,'2020-08-28 21:47:34.699529'),(20,'pbkdf2_sha256$180000$V3nxcWR5hE4e$lYeUADhVYRW7fGsLqYcapTRwOK+O9x83BXQOVeIloVE=','2020-08-28 21:59:18.814748',0,'Lucepace','Mamadou','Ngom','ngomaloustaz@gmail.com',0,1,'2020-08-28 21:50:29.608187'),(21,'pbkdf2_sha256$180000$7ae2iMqP34ZK$UrecOAQdcmVmU6zUxmTM7RVbzgzjCX6XQO3G7CX1//o=',NULL,0,'Matheux','Adama','kane','matheuxboy@gmail.com',0,1,'2020-08-28 21:53:42.909611'),(22,'pbkdf2_sha256$180000$Ql5SryrJcZhM$MRxogEfZTA6e+0qeXX0gl6O6TKPaqbkNrCcv1ak/Z3w=','2020-08-28 22:12:03.759364',0,'Yerim.ndiaye@ucad.edu.sn','Yerim','Ndiaye','yerimn6@gmail.com',0,1,'2020-08-28 22:03:32.600717'),(23,'pbkdf2_sha256$180000$dWmosFiS5oh6$TrREjn6LPn3GPkEpwFQzRkW9oLXwwrbZBg7pNehqbVk=','2020-08-28 22:04:15.104366',0,'thioroniang481@gmail.com','Thioro','Niang','thioroniang481@gmail.com',0,1,'2020-08-28 22:04:01.117714'),(24,'pbkdf2_sha256$180000$JsUfJbZHwXfT$i8adi2xCD3Gj2fLaeb559XG23HYd4SDxq5pUBT/cN2M=',NULL,0,'Khols','Ousmane','GOUDIABY','lindiane224@gmail.com',0,1,'2020-08-28 22:05:48.678568'),(25,'pbkdf2_sha256$180000$WA95w4OwLAAO$wHR0S0QEoOZey1OZe7CSGnLeRaunY+QGjlCyXP1FT5M=','2020-08-28 22:06:48.081305',0,'Matheux.boy','Adama','kane','matheuxboy@gmail.com',0,1,'2020-08-28 22:06:15.058695'),(26,'pbkdf2_sha256$180000$8FxOZMFDeyIn$tYP9ca4jLmKEsgLn7a7pCyMqaTUVV1yriispSkqE/Ow=','2020-08-28 22:09:52.362371',0,'Hippocrate','Amadou','Gaye','gamadou1997@gmail.com',0,1,'2020-08-28 22:09:36.637157'),(27,'pbkdf2_sha256$180000$recymp9vUrL3$BHDFSAe69t9yub3tw0YGlvkbv18cudyw3+VdgUTCfNQ=','2020-08-28 22:14:55.877108',0,'an7690815@gmail.com','Adama','Ndiaye','adamandiaye02@live.fr',0,1,'2020-08-28 22:13:39.108725'),(28,'pbkdf2_sha256$180000$ZTmKVY42oFBm$e3gQD8CDxjhhCTk9Xpw2Ro3MbvYCszNQKyo+dBCJsfg=','2020-08-29 21:57:23.419548',0,'Youssouf','El Youssouf','Touré','elyoussouft98@gmail.com',0,1,'2020-08-28 22:21:08.278120'),(29,'pbkdf2_sha256$180000$xe90hxUkymhX$9F5AAEXOPvvsIaDpCb0W8MAysRqA1D/NQpToT5O2fzI=','2020-10-11 17:58:35.076749',0,'Yaye.dieynaba','Yaye dieynaba','Wade','yayedieynabawade1@gmail.com',0,1,'2020-08-28 22:30:49.168560'),(30,'pbkdf2_sha256$180000$C1caElMp5sfj$Nj4IvAbvMb7EmEIDULYi6ngIOuZ8+DcKP+En4fhu+vA=','2020-08-28 22:38:15.782305',0,'Kholle01','Mansour','KHOLLE','khollemansour01@gmail.com',0,1,'2020-08-28 22:37:38.127761'),(31,'pbkdf2_sha256$180000$tPlZ7B10ZXgJ$BM0WJPHTtpLmNwWxc04vAJDCnY4i4vL4V5edmi+Rov4=','2020-08-31 07:06:49.630654',0,'chistetelle98mendy@gmail.com','Christelle Musique','Mendy','christelle98mendy@gmail.com',0,1,'2020-08-28 22:38:20.345472'),(32,'pbkdf2_sha256$180000$EWiVNHoeyv02$bKeSSVo4yqSAYNTvGlVQTCcsNzR7a/AcH1pZbRT24UU=','2020-08-28 22:39:43.884423',0,'moussa','moussa','gueye','moussagueye5552@gmail.com',0,1,'2020-08-28 22:38:50.583128'),(33,'pbkdf2_sha256$180000$1dwtJ9wGzEwH$VREGuBHdkN5RBybqYoIb/7fDaD5WLCIpMAqDJemQb7w=','2020-08-28 22:57:04.662532',0,'Ibrahimambengue133806@gmail.com','Ibrahima','Mbengue','ibrahimambengue133806@gmail.com',0,1,'2020-08-28 22:56:51.704812'),(34,'pbkdf2_sha256$180000$qNxxci89ufFK$MfrONrIijz1fu/HhUFy9TrBTNAiGivHML1UuuJh4a4s=','2020-08-28 23:00:27.154292',0,'ModouDiene','Modou','Diene','mptmodoudiene@gmail.com',0,1,'2020-08-28 23:00:19.128307'),(35,'pbkdf2_sha256$180000$DyPfvW1FJIJc$t2xBd8sf+jhj5CmI3wkmcfwJLiK0zFM/Jia8qMJQwcI=','2020-08-28 23:02:11.293797',0,'galygueye91@gmail.com','Gueye','Pape galy','galygueye91@gmail.com',0,1,'2020-08-28 23:01:51.759193'),(36,'pbkdf2_sha256$180000$0PsxXGD8RFIN$+Ais/FxZtkEQ/CcrMdbVZZ0uzqNQJxaWYkZxOEO5HTs=',NULL,0,'Djouma','Fall','Falll','zoumafall0@gmail.com',0,1,'2020-08-28 23:03:26.384641'),(37,'pbkdf2_sha256$180000$dDxbO8q3g3gD$Emt9LQXVQQ2nMcaAClBSc+WMA364dQUzBR9hGRL77ag=','2020-08-28 23:13:47.013111',0,'Khadim','Cheikh Ahmadou Bamba','Sarr','khadimdado@gmail.com',0,1,'2020-08-28 23:13:26.110651'),(38,'pbkdf2_sha256$180000$wM1Z9vxsvgKE$s9r/hTkyYi1GcAbDj3DuH1I4FXYIcJwhj2dQdwxEll0=',NULL,0,'salimata','salimata','Diallo','sdia45995@gmail.com',0,1,'2020-08-28 23:13:27.181175'),(39,'pbkdf2_sha256$180000$LbSuTC39qCEr$Qy9/gk6Seb1I8CK0ZAQ2xUJVCCk196rnoIKzxdPPX8U=','2020-08-28 23:14:14.865387',0,'meruem','Moustapha','DIOP','muruemd@gmail.com',0,1,'2020-08-28 23:13:53.034901'),(40,'pbkdf2_sha256$180000$mCYAe7i66QqM$Ny8dcgIYm6uw+k6F7AwLug7QB08Bl6o7l6eH4Q9LfG8=','2020-08-28 23:17:02.005444',0,'Diamesarr','Adama diame','Sarr','diamesarradama@gmail.com',0,1,'2020-08-28 23:16:46.131127'),(41,'pbkdf2_sha256$180000$zyiESCaK4zt8$lqBCjZtPwRTkL15AinP6qGWhfVoaPFjzv9pBDDDLbP4=','2020-08-28 23:30:01.305127',0,'Maya','Mariama sadio','Diallo','mariasadio0611@gmail.com',0,1,'2020-08-28 23:27:11.536126'),(42,'pbkdf2_sha256$180000$L6gzpMRpNFJY$MZevpWKi02EbiLQg3f1n/NELBmRnFDgZj13cC929TIA=','2020-08-28 23:34:39.993327',0,'malickndao','SADER','NDAO','sadermalickndao@gmail.com',0,1,'2020-08-28 23:34:16.782956'),(43,'pbkdf2_sha256$180000$uB3xmQhmttpy$P9UkIDsk2RtQ/BMdx+OuUhljLf8fLbIA0/5RSW6Iisc=','2020-09-01 07:14:03.033923',0,'Khalifa','Ababacar','Sarr','sarrababacar340@gmail.com',0,1,'2020-08-28 23:35:11.134308'),(44,'pbkdf2_sha256$180000$bu4fPe6ESzdT$TiqaXKCi8dBq/B7ksHni/cz4wdRRnwDR9NY1Jy5SbzA=','2020-08-28 23:57:38.013709',0,'Sall.anta.mbaye@gnail.com','Anta Mbaye','Sall','Sall.anta.mbaye@gnail.com',0,1,'2020-08-28 23:57:20.880403'),(45,'pbkdf2_sha256$180000$EjoopXBW6Tel$ScdXFg8K2Pf6nrUmFq7TKMvBB0gl3VwQdttXc8QKGU4=',NULL,0,'Hamza14','Hamza','Male','hamzaseydina@gmail.com',0,1,'2020-08-29 00:15:42.766271'),(46,'pbkdf2_sha256$180000$KIEl9k8DFgjD$45uRYpGlJT+qZ3rwc+ZgqlcazViHyUbz3eS33X7iB+Q=','2020-08-29 00:16:22.265845',0,'Nmd','Lumière','Diop','diopndeyemanar006@gmail.com',0,1,'2020-08-29 00:16:01.699643'),(47,'pbkdf2_sha256$180000$YMPqJrpTO3yO$sdj0+/LYpQ7uSGlh+rLuRYoOD2lu+inBDIzkSG1Rpw8=','2020-08-29 13:23:19.456972',0,'Ousseynoupouye','Ousseynou','Pouye','764272860@gmail.com',0,1,'2020-08-29 00:16:57.606474'),(48,'pbkdf2_sha256$180000$5NYN9W1X9843$cnbbR6as7icNU63lRaaX1rS0rkxqJ5p5wXGBxmGN6tw=','2020-08-29 00:18:51.346751',0,'Mouhamadou','Mouhamadou gaye','Dia','diaalladji@gmail.com',0,1,'2020-08-29 00:18:35.954999'),(49,'pbkdf2_sha256$180000$F1PnQmajOT3B$HbUbAqEHdCc+9/AqHwaiFDuN80CSef5hs15dCs0JZ8o=','2020-08-29 00:21:29.042708',0,'Abdou','BAKHÉ','Saw','saoabdou188@gmail.com',0,1,'2020-08-29 00:21:06.876840'),(50,'pbkdf2_sha256$180000$oz9jIyFkLdPL$vGRKceouYStxUVq959HLmFLDQEzCU7O1eCC+EXWNuQk=','2020-08-29 00:31:31.403663',0,'yaya1997','Elhadji yaya','TALL','taallbaaelhaadjiyaayaa1997@gmail.com',0,1,'2020-08-29 00:31:01.700815'),(51,'pbkdf2_sha256$180000$Ht7xkXzzo91C$gIIN7VhJ8uut8uz3gm+ZFP+JGlaRJRXnDWPmpgc2SHw=','2020-08-29 00:34:13.382530',0,'laurenzo2001','Laurent IJ','Badiane','laurenzobadiane2001@gmail.com',0,1,'2020-08-29 00:34:01.728435'),(52,'pbkdf2_sha256$180000$3RJdxGPHyTZb$W/zHPY6NMaELV2cnLEDvL+NZ0/50Ph350uGN4Cj0EiI=',NULL,0,'Elomardramé','El Omar','Dramé','drameelomar069@gmail.com',0,1,'2020-08-29 00:48:55.138275'),(53,'pbkdf2_sha256$180000$Arw9yoI5WrfR$rzx8SuesdNaoirD24L7Ej6cWMP+zOlwuZUuc86Crqgo=',NULL,0,'Diop','Abdoulaye','Diop','ablayediop397@gmail.com',0,1,'2020-08-29 00:55:55.951478'),(54,'pbkdf2_sha256$180000$zLaj0lSFfTJq$NeV/B61rojPMGgpZGIj+Ycz0JIj+glmMQGVFMxSPe6I=','2020-08-29 00:59:11.474655',0,'Ibrahimasow','Papa Ibrahima','Sow','sowibou032@gmail.com',0,1,'2020-08-29 00:58:51.404763'),(55,'pbkdf2_sha256$180000$wmHeRMY0m7DL$nJcIocAi8cOlqH9o0Fm6P27D9g7tbb3+PPnpx3HOw0g=','2020-08-29 01:43:04.515113',0,'massal','Mohamed','Massal Gueye','mouhagueye29@gmail.com',0,1,'2020-08-29 01:13:32.000000'),(56,'pbkdf2_sha256$180000$rr52tQXsZgAR$9HNyUdikf5WQeUWJoczxkeuGnkCjt99fNBQPzpeGdMM=','2020-08-30 15:29:01.996929',0,'Diouf','Adji','Diouf','adji2000diouf@gmail.com',0,1,'2020-08-29 01:27:26.205353'),(57,'pbkdf2_sha256$180000$69AO78w6TsOr$cXmYZcwtl8TGSgMMm1ekZo6EySe/TSc/ElglCIRGqCU=','2020-08-30 02:31:28.888158',0,'Massalgueye','Mohamed','Gueye','mouhagueye291@gmail.com',0,1,'2020-08-29 01:37:23.804524'),(58,'pbkdf2_sha256$180000$fwtP6H0FCGJr$J9CW778r+8a/AE2uH1UmBSjztrTpNQpm3jPdPofP+zU=',NULL,0,'Moustaf','Moustapha','Boye','seydiboye890@gmail.com',0,1,'2020-08-29 01:51:29.212570'),(59,'pbkdf2_sha256$180000$poCejBATwGpq$NQMcEAMKHy78d/AJKyUrDXLf7Y2uiI0aa8nC+ZPAz94=','2020-08-29 05:18:31.881124',0,'Ameth','Ameth','Ba','amethba025@gmail.com',0,1,'2020-08-29 05:17:06.311827'),(60,'pbkdf2_sha256$180000$syUOLnW8sKQM$z9fjUkmaRM+1GShWDNJQ1Wid23+uO1jj6rIzKVxs9OY=','2020-08-29 06:37:34.823397',0,'ouattar22u','Al-Housseine','OUATTARA','ouattaraalhousseine@gmail.com',0,1,'2020-08-29 06:37:21.559808'),(61,'pbkdf2_sha256$180000$9ngmVar34mNY$w1i88qrRYy5BAhlpahHZg4VjmnOG0ZWslcqQRgfx+Nk=','2020-08-29 06:41:02.034814',0,'Soukeyna','Soukeyna','Faye','fayesoukeyna32@gmail.com',0,1,'2020-08-29 06:40:17.378504'),(62,'pbkdf2_sha256$180000$uLV06uSbHosZ$OvWAovnGOc4u+uvpVw49EnbiB9P/kYxY4fXEjqa/5Rs=','2020-08-29 07:08:11.950325',0,'Lagenes','Bien','Job','ngayemeckhe200@gmail.com',0,1,'2020-08-29 07:08:01.222170'),(63,'pbkdf2_sha256$180000$yHols1H9sAW1$tazZOm5Ig/lEP1yyyf8eeGoaPVJbWjraQXCaryY4Bns=','2020-08-29 07:11:00.588823',0,'N2B','Abdou','Niane','karkadia44@gmail.com',0,1,'2020-08-29 07:10:36.266444'),(64,'pbkdf2_sha256$180000$1ruXWnVNvlwm$iYq4Y53ql41A9bgxD5LeiKUZLtWhrppnrpntHWAP7ko=','2020-08-29 13:00:16.120536',0,'Abdouaziz','Abdou Aziz','FAYE','aziz02faye@gmail.com',0,1,'2020-08-29 07:12:04.791416'),(65,'pbkdf2_sha256$180000$f2H6T4l3dp4v$D8yjJFUwQ2CQBnG1lj2/xYI8ceoLz7wtXp2q8rZ22Ls=','2020-08-29 07:15:35.895578',0,'Diallo','Abdoul Khadre','Diallo','dkhadre@ept.sn',0,1,'2020-08-29 07:15:18.790042'),(66,'pbkdf2_sha256$180000$V4FRT2kkFE7g$tFlLmNAysVFwcwq2/vygKp1RjxjeYv1ekIzc/6bWiv0=','2020-08-29 07:29:14.659307',0,'AblayeDIOP','Ablaye','DIOP','gottes@live.fr',0,1,'2020-08-29 07:25:49.774955'),(67,'pbkdf2_sha256$180000$72KGisEdtleY$MSdL8gfDx1Ki7Erq5evL7u5wLa2nuBC10Hnj4CHUTCk=','2020-08-29 08:29:34.102305',0,'Gouye','Cissé','Mohamed Gouye','mgcissevm@gmail.com',0,1,'2020-08-29 08:28:59.780723'),(68,'pbkdf2_sha256$180000$0SmTfizlDCVY$VLMTbpuYk+yjMgaVACjwUFhYxWt8lP/hMMkS7Fa4sHs=','2020-08-29 08:49:21.453761',0,'msowsn','Mbaye','Sow','msowsn@gmail.com',0,1,'2020-08-29 08:48:59.130497'),(69,'pbkdf2_sha256$180000$71sfB7eKJzu6$Nef2r95p8JHrOaJc6RVAV+4IW7tKHhdaU/8J+c7QIr8=','2020-08-29 10:29:29.717027',0,'kaaziz','Abdou','KA','KAAZIZ50@gmail.com',0,1,'2020-08-29 10:29:20.426489'),(70,'pbkdf2_sha256$180000$S3hMNfNrHhfF$hOQlj59/nt28ytWIQxcTo3+UC7oRMNxLrfmAXHYloD0=','2020-08-29 11:09:34.323811',0,'Kandji','Abdou','Kandji','abdu.kandji@gmail.com',0,1,'2020-08-29 11:09:20.390792'),(71,'pbkdf2_sha256$180000$RvlHchUBnKRa$KuVM9H6koNa2LiM7l9Jtvb+GU2KqhI2SjhI9r2pK898=','2020-08-29 11:51:03.682284',0,'modou18.dione@ucad.edu.sn','Modou','Dione','modsylladione@gmail.com',0,1,'2020-08-29 11:50:16.174085'),(72,'pbkdf2_sha256$180000$fA1W0IwbqNY0$4lbT7M5T3MaN0xKgcEqvg31EZpTNbxtJr7pd0YuFEjE=','2020-08-29 11:55:36.468393',0,'ngomsa','Ndiap','Ndiap','ousmane.ngom09@gmail.com',0,1,'2020-08-29 11:55:30.569050'),(73,'pbkdf2_sha256$180000$ZR5pktjVWs6u$aAsuq1hq5D8nU2Y0/92vrC72lD2hJXLaGnZL0mwGE/w=','2020-08-29 12:07:26.841355',0,'Boruto123','Babacar','DIOUF','babacarparis123@gmail.com',0,1,'2020-08-29 12:07:20.183116'),(74,'pbkdf2_sha256$180000$B8ODhOFF3cmA$/Z3gedzQw9BvYCZc6rHSXepTr8obnfV5Es7n39A+VNg=','2020-08-29 12:19:28.505430',0,'@moussa98','Moussa','Sarr','sarrmoussa905@gail.com',0,1,'2020-08-29 12:18:52.393593'),(75,'pbkdf2_sha256$180000$eL6L3cOhGKxa$AsNfl4m20d9sNMk/QrphrHOfUcuKn9DtG+GFbtH58q8=',NULL,0,'Fatima','Fatou','Gueye','Fatouchag882@gmail.com',0,1,'2020-08-29 12:28:16.065566'),(76,'pbkdf2_sha256$180000$czs6sPDZSnGm$W0EMfXksBroZh7vKTOPWCsypJqY1tLDzLb4+4q1KIwg=','2020-08-29 12:29:44.012961',0,'gueyefatou302yahoofr','Fatou','Gueye','Fatouchag882@gmail.com',0,1,'2020-08-29 12:29:29.373834'),(77,'pbkdf2_sha256$180000$7YPnyj2xS1ZI$q+bhA8mwDMPkMQm5Z84Ipe7lYF0O9Dch/t8amQ4fP20=','2020-08-29 12:40:28.546136',0,'elhadji','El hadji','Gaye','ehgaye84@gmail.com',0,1,'2020-08-29 12:40:10.878556'),(78,'pbkdf2_sha256$180000$3YP3ANVCO8Gj$peA0I3zA2TqPDP5ajlFpqoTebT5Sb5tmM6/RlQRGJqU=','2020-08-29 22:25:29.640235',0,'Ndiaye','Modou','Ndiaye','ndmodou@ept.sn',0,1,'2020-08-29 12:42:31.398593'),(79,'pbkdf2_sha256$180000$QaWL0Jsdz1dI$iP4BgCQK873jAZQ5I10hyZ+FXrK0BKg1GwDLOJmlZPc=','2020-08-29 13:03:00.372939',0,'Lucifer','Lahad','Mbacke','lahadmbacke00@gmail.com',0,1,'2020-08-29 13:02:43.136871'),(80,'pbkdf2_sha256$180000$nZtoYLQEFJiq$yjzLE2JS8NpnWOzJ9D9dwaKvAOXsltAkRsWQC4cnhVg=','2020-08-29 13:17:37.067737',0,'Yasy','Yaya','SYLLA','savoirsavait@gmail.com',0,1,'2020-08-29 13:05:35.016111'),(81,'pbkdf2_sha256$180000$asORC76dWcTn$GslN5K7xzt5bkZ408i6gHjBzuK66JUpduQRz27m9HOs=',NULL,0,'Ablaye','Ablaye','Sene','ablaye93sene@gmail.com',0,1,'2020-08-29 13:19:37.515949'),(82,'pbkdf2_sha256$180000$asUeX5o2Wa99$74arly46OTHPqa8o79VUJlzrAtAUW5FkziC2yTcxka8=','2020-08-29 13:28:19.243042',0,'Fall','Abdou Aziz','Fall','ziz17fall@gmail.com',0,1,'2020-08-29 13:27:54.497648'),(83,'pbkdf2_sha256$180000$11lwn6CWrmUA$fTUhy839vsIFgqb4cch9tJD+a0RGA7E6aHiOETUmR2s=','2020-08-29 14:24:03.981508',0,'senegal','gayndé','ndiaye','senegal93@gmail.com',0,1,'2020-08-29 14:23:43.370664'),(84,'pbkdf2_sha256$180000$YSSFIHqVzhDf$GuyNqtjXbYl66b9dAFkiMBSCvzam9BwQ5tPYa3EjMuc=','2020-08-30 11:06:29.421458',0,'mamediarra','Mame','Diarra','mamediarra@gmail.com',0,1,'2020-08-29 14:28:37.300366'),(85,'pbkdf2_sha256$180000$Maga0G86OnIb$a1lqCUBLP25Uia2TFPYnlnNFPNexql7pd7H9GYcJuSY=',NULL,0,'mamediarraa','aaaaaaaaaaaaaaaaaaaaaa','sssssssssssssssssssssssssssss','sssssssssssssssssss@gmail.com',0,1,'2020-08-29 14:43:14.605108'),(86,'pbkdf2_sha256$180000$vVNMjj2KhUwy$XUKzINZKMUvUYXBiX5zGFxfP2JR37oF2C8ihjMejYMw=',NULL,0,'aaaa','sssss','qqqqq','qqqqq@gmail.com',0,1,'2020-08-29 14:54:42.915609'),(87,'pbkdf2_sha256$180000$UOHlIuL2K8Wo$YmEEOn2Mdimq9HCtQZvOdQFET5bfzx36iPSyb+V2D18=','2020-09-05 06:53:00.543817',0,'Daly','Daly','diop','adjadalydiop@gmail.com',0,1,'2020-08-29 14:56:17.393135'),(88,'pbkdf2_sha256$180000$5UwZlSTo2Sou$6B6y4oqmYvgFV0XYI1XnHeXhKaJ5CG7cjzweIAyTJHw=','2020-08-29 15:32:01.726874',0,'Yega17','Gaye','Thiam','gaye2002thiam@gmail.com',0,1,'2020-08-29 15:30:43.772922'),(89,'pbkdf2_sha256$180000$oAP2uqV2KjmY$E5tiW8FgmVRNYFaHnCiDwJck+A5uwwSBc97+UbS3pg0=','2020-08-29 15:32:35.468847',0,'Fatimata','Fatimata','Sow','fatimatasow18@gmail.com',0,1,'2020-08-29 15:31:59.657151'),(90,'pbkdf2_sha256$180000$Y5qUrA0524RY$/1za9Zu6B2syzdPlUfycfdvEmcGFiwElZWcCNwa5kBw=','2020-08-29 15:38:57.470921',0,'Aïcha','Aïchatou','Sidibé','aichasidibe2512@gmail.com',0,1,'2020-08-29 15:38:40.696584'),(91,'pbkdf2_sha256$180000$Dlh70WvKeJOr$ThSlTzGSVNhuXW0GnjGbnSDNJ9ip1jD3/Z1u3Q/WvTM=','2020-08-29 15:39:45.414900',0,'binetaesow@gmail.com','Khoudia','Sow','784795931@gmail.com',0,1,'2020-08-29 15:39:37.135777'),(92,'pbkdf2_sha256$180000$UXOBHZKyK9IF$jmW8q1yYl/ARYUbaoR2FLj5COvxmxlusZNd68Copsrs=','2020-08-30 11:21:28.586636',0,'Queenbecky67','Rebecca','Kane','rebeccakane.kane@gmail.com',0,1,'2020-08-29 15:46:33.709393'),(93,'pbkdf2_sha256$180000$KmuweovXwPhN$Rtyltcd1vi0P2lwOrq3nGYRj0ec0jqW/bKq0b9W4Nww=','2020-08-29 15:57:01.209771',0,'SOWMC','Mame Cheikh','SOW','sowmamecheikh6@gmail.com',0,1,'2020-08-29 15:56:33.955060'),(94,'pbkdf2_sha256$180000$3BD0hj0kSo7b$ABzfSdB0pARY1awES9eJOxnanUvGbnC6WmMsDHPURVU=',NULL,0,'Linguere','Ami','Ciss','fatou77419@gmail.com',0,1,'2020-08-29 15:57:49.848435'),(95,'pbkdf2_sha256$180000$159RyxS2RRNt$NTr7m4QTE4u4XprRBOpA4Kv4+Qr5eOcyezGFLFbveec=','2020-08-29 15:59:14.530102',0,'Zahraa','Fatima','Diouf','saidafatimazahraadiouf@gmail.com',0,1,'2020-08-29 15:59:02.810826'),(96,'pbkdf2_sha256$180000$AGqvOFM4ddsM$mTbliXxu120QcNcvNpgZVHcCsFfM1nhkpUDXGTrYhyQ=','2020-08-29 16:02:10.264735',0,'Pathé','Pathé','Wade','pathe@gmail.com',0,1,'2020-08-29 16:01:52.933870'),(97,'pbkdf2_sha256$180000$RBoiBBKkFwPL$acqsdoi7t5ar5XxNUUsOkkr6hZRuj823cipseEKxSXk=','2020-08-29 16:09:17.824909',0,'Tayibatou','Tayibatou','Mbaye','tayibatoumbaye8@gmail.com',0,1,'2020-08-29 16:09:02.468929'),(98,'pbkdf2_sha256$180000$3FO8neA9LRPh$SVThSkbkUqinYqSIGXFOZzsfVG2iTKSvX/h21RqayPU=','2020-08-29 16:19:03.916923',0,'Falilou418','Mouhamadou Falilou','Ndiaye','falilou418@gmail.com',0,1,'2020-08-29 16:18:51.054633'),(99,'pbkdf2_sha256$180000$q9kjJuOupdTH$gEiKli77PWDbr65AvvP9pyWIfNAxxrERfJKVx/0M7sY=','2020-08-29 16:31:55.069674',0,'MBAYE','BIRA','MBAYE','mbayebira99@gmail.com',0,1,'2020-08-29 16:31:23.168637'),(100,'pbkdf2_sha256$180000$aw8yxpgOfCVI$Du59PDC1FLn6xBIQA7XJpXMjOXNQO+bMP9iGyzmFV2c=','2020-08-29 16:33:23.904806',0,'Layelo2','Elhadji Abdoulaye','Lo','lolaye2009@gmail.com',0,1,'2020-08-29 16:32:39.413186'),(101,'pbkdf2_sha256$180000$iJlkBcI8GLtx$DhpYRVxiBtIB0FmftSWDpsUNYwH+ZH2GPAS+xczm9D4=','2020-08-29 16:34:08.964981',0,'lamines497','Lamine','SARR','lamines497@gmail.com',0,1,'2020-08-29 16:33:38.555699'),(102,'pbkdf2_sha256$180000$cOckpZPtCdkD$TmbNqSZMP/JbPNsvcNIt/VcD5D6q6+JbCRR/VtqsrF0=','2020-08-29 16:43:45.097257',0,'Idauthentic','Ibrahima','Diallo','dialloibou38@gmail.com',0,1,'2020-08-29 16:43:34.659891'),(103,'pbkdf2_sha256$180000$kNvuyFzuJtZV$AV2sboALvPJQ99/uAcu0XAM7VIYX4G2cnllipqw62bg=','2020-08-29 16:51:48.264174',0,'MNPTauthentic','Maissa','Ndiaye','maissandiaye65@gmail.com',0,1,'2020-08-29 16:51:20.422063'),(104,'pbkdf2_sha256$180000$OrgUukawRg5p$hD+Q6VNLYv8yP60uusxCyl7WlkXco5F0uZ+41lUjl2c=','2020-08-29 17:05:50.982078',0,'sora','mansour','wayegalo','wayegalomansour400@gmail.com',0,1,'2020-08-29 17:05:25.720507'),(105,'pbkdf2_sha256$180000$MQVgfSV2fDrj$6fPIN3ZmoWIjIV+aN+9uyfrJfcbUkpoja3rB3z+m0H4=','2020-08-30 20:20:13.713802',0,'IAMNAS22','Ndeye arame','Sow','sowndeyearame179@gmail.com',0,1,'2020-08-29 17:53:21.055601'),(106,'pbkdf2_sha256$180000$iDKrcBgKn68s$wmiwRdf7hlZskkqXj8Folseg9dn6biT+izd8/SJH+KY=',NULL,0,'Ndeye26','Ndèye Ngoné','BA','bandeyengone99@gmail.com',0,1,'2020-08-29 17:57:58.844797'),(107,'pbkdf2_sha256$180000$JznsYIp6Qaw6$s5KgNNQouwzsK0fEhbxflY7ip+dgKr5npkpn/RrXkJ8=','2020-08-29 18:11:41.778406',0,'sorydiaw','Sory','Diaw','DiawSory@gmail.com',0,1,'2020-08-29 18:11:34.194928'),(108,'pbkdf2_sha256$180000$67pOdtpChx1O$Im/jCHDkZVfz8YgfiABwHIoRdOYTDFhpAwP9MkQ/ros=','2020-08-29 18:17:51.831431',0,'Django','Demba','Samb','dembasamb54684@gmail.com',0,1,'2020-08-29 18:17:43.464181'),(109,'pbkdf2_sha256$180000$IyiSnWaHNcVI$XGrJ70d5b9vvjMS1i4jjFEzgx7BtYyC94s8MoiDEMFc=','2020-08-29 19:00:45.241708',0,'Pwn','Pape Waly','NGOM','Pwngom28@gmail.com',0,1,'2020-08-29 18:20:52.616712'),(110,'pbkdf2_sha256$180000$YtHOPp5QETFz$Rd/Zi9bhXrQaMjIZ0EKfR+EPWUTFb2/gQuacGDMh90o=','2020-08-29 18:41:18.560757',0,'Khadidiatou','Khadidiatou','soumaré','diedia9.ds@gmail.com',0,1,'2020-08-29 18:39:14.641860'),(111,'pbkdf2_sha256$180000$ndQ58jNuIAUO$bRjFYlvvnfKthYCjfTbUSvrLyZvsKAvxw9eR8MNfIBI=','2020-08-29 19:13:36.554489',0,'Yashmina22','Yacine','Diop','dialyacine2014@hotmail.com',0,1,'2020-08-29 19:12:13.713879'),(112,'pbkdf2_sha256$180000$K1Qx1GOYwUlk$n54YD8qQQcZolu/JoMn6y7NU7VLbhpztSWqrutNrKns=','2020-08-29 19:23:22.108028',0,'Khadijaka','Khady','Ka','khadyka295@gmail.com',0,1,'2020-08-29 19:22:52.859070'),(113,'pbkdf2_sha256$180000$q8FvuYtTjKXo$kqgB+BTtqgFFA38OQYVvQRh4ycPv9EtP1G5fMgL4GZ4=','2020-09-12 21:08:40.202136',0,'issadione50','Issa','DIONE','issadione50@gmail.com',0,1,'2020-08-29 19:56:24.598623'),(114,'pbkdf2_sha256$180000$XBZsruwZlbFS$KWgmffCHp6qgAieTGNd+GERuiIlSaJ24/2ksVd70Fyo=','2020-08-29 19:58:42.455001',0,'Sundhi','Serigne Ameth','Ndiaye','raysand9306@gmail.com',0,1,'2020-08-29 19:58:25.249734'),(115,'pbkdf2_sha256$180000$CcsAlaomkeGQ$/672Us+NmLKnXlOYMsCR69HDtgdJQ/xYjiHMVk2srMI=','2020-08-29 20:06:05.961626',0,'Samassaba','Mohamadou Samassa','Ba','samassaba27@gmail.com',0,1,'2020-08-29 20:05:50.990974'),(116,'pbkdf2_sha256$180000$8qwkCckrUlyr$ffXSLQxsyrdwmR/hMD16DgfY3xoaj7GoEvCBsGkTDog=','2020-08-29 20:33:43.517656',0,'Ababacarsk','Ababacar Sadikh','Kamara','ababacar.sk@gmail.com',0,1,'2020-08-29 20:33:33.354125'),(117,'pbkdf2_sha256$180000$BxEonNxlU7EF$zI0E0mg0A6ceQEWzSYb0j9PTQTHDDuf2Mr2Kt9ZDcCo=',NULL,0,'Senegal@gmail.com','Amadou','Gaye','Senegal@gmail.com',0,1,'2020-08-29 20:34:30.652508'),(118,'pbkdf2_sha256$180000$J5ZDAfjYhdsG$P7w8NYtctJR++hwKj88eQjT4St8qfDmIQs894NXsyws=','2020-08-30 17:10:39.015796',0,'Djibrildiop','Djibril','DIOP','diopdjibril2010@live.fr',0,1,'2020-08-29 20:35:08.495770'),(119,'pbkdf2_sha256$180000$05dBJPeMskZm$wSMe1z8GAZnlJ8nwDOcst3bFtIeNjBgoajtpck/sDCU=','2020-08-29 21:05:46.270640',0,'Mmkane','Mouhamadou Moustapha','Kane','mouhamadoumoustaphakane11@gmail.com',0,1,'2020-08-29 21:05:30.510100'),(120,'pbkdf2_sha256$180000$qshtIILgqHwj$Ob+mRqEZRyGrf8djxCUJTyxkKmVI+omeUFF/O6cpReU=','2020-08-29 21:34:59.655575',0,'NjawarJoob','Ndiawar','Diop','dndiawar@ept.sn',0,1,'2020-08-29 21:34:31.401887'),(121,'pbkdf2_sha256$180000$5PHWgsN4sxw8$3TGWDtMLmgQtTr4mTFu60tGsIXhIQCWqD8uQewbp76s=','2020-08-29 21:43:51.731354',0,'Papa10','Papa','Top','toppapa80@gmail.com',0,1,'2020-08-29 21:43:24.558583'),(122,'pbkdf2_sha256$180000$rCddclZr4370$Cx3bXZqlbn3//Z43Voag9t5fB9lfrFwgLSHangvt8Aw=','2020-08-30 22:36:00.060512',0,'@rgrahmane','Abdourahmane','Gueye','gabdourahmane55@gmail.com',0,1,'2020-08-29 21:57:21.458655'),(123,'pbkdf2_sha256$180000$hjNPMpQmbJBM$1t1NLGFI1meXaI0SKmnn2tFt7qgelV4ftCW5sN1ZDME=','2020-08-29 23:13:23.526120',0,'Abdallah','Abdou Lahi','DIOP','dabdoulahi@gmail.com',0,1,'2020-08-29 23:13:01.658118'),(124,'pbkdf2_sha256$180000$JsKazM86gzIW$RlKfJ0ta+yaiOcIPqwsqglYbcjmLPH2c7+f/yBwfXpg=','2020-08-30 19:13:05.059637',0,'Camara30','Mory Moussa','Camara','mmcamara30@gmail.com',0,1,'2020-08-29 23:23:45.502920'),(125,'pbkdf2_sha256$180000$AQJ6mgon3217$vCAtPFujsWtcJCTcJ2K62lQj6qABE1pm48ArDEh9ayc=','2020-09-05 16:44:53.378829',0,'Toutya','Amsatou Touty','Cissé','amsatoutouty1962@gmail.com',0,1,'2020-08-29 23:42:03.047549'),(126,'pbkdf2_sha256$180000$iDHdq93IxtNP$nAzn3WJg39VW0CRegqAz4fJtnw64fbhjgjrNRnp7LzU=','2020-08-30 01:21:35.250183',0,'bineta.diallo@univ-thies.com','Bineta','Diallo','dbineta245@gmail.com',0,1,'2020-08-30 01:19:07.038391'),(127,'pbkdf2_sha256$180000$YRtJsUFRnbWI$n+BCAX3dU8ppzSge1CeYRuaBhDLOvxRNHl0m73qo9pA=','2020-08-30 01:58:27.323086',0,'Touty','Touty','Fall','lefatouty05@gmail.com',0,1,'2020-08-30 01:58:10.053898'),(128,'pbkdf2_sha256$180000$VKqYSpkbKAlB$Mcb1qWjQ1rSczcslMRBNa/ak/8CSgFtzlXw4nCOStYQ=','2020-08-30 04:00:39.563456',0,'Halil','Ibrahima','TALL','itall0677@gmail.com',0,1,'2020-08-30 04:00:13.902413'),(129,'pbkdf2_sha256$180000$K5ML3kdPFd6B$dyRQqEzHkJsCDucd0sDNylWLB1itBIWx1XCX41wMjUc=','2020-08-30 05:54:46.911351',0,'imaam','Mouhamadou Moustapha','Fall','marafall65@gmail.com',0,1,'2020-08-30 05:54:31.438197'),(130,'pbkdf2_sha256$180000$iyNPMD29WKsQ$lfu8BpGfGrn8aE8riqYymJi48wIpU1z1+jQWToTtNW8=','2020-08-30 06:18:16.949230',0,'NdoyeM','Mamadou','Ndoye','ndoy221@gmail.com',0,1,'2020-08-30 06:17:33.569441'),(131,'pbkdf2_sha256$180000$3Vm36cf1zaxe$d/XQ2hgDyjBIDPkxT/QGKVEaXMAe+FFDoK1CHtqQIEw=','2020-08-30 07:54:06.918334',0,'Matythioye','Mame Maty','Ndiaye','mamematyndiaye19@gmail.com',0,1,'2020-08-30 07:53:46.142806'),(132,'pbkdf2_sha256$180000$FlOUjIZXvsee$iqNDJs2kTwv2whWZ3WpfiL/jCipURBIOnqctTQPS8NI=','2020-08-30 08:10:55.001783',0,'Boubasqbc','Boubacar','CISSOKHO','boubacar.cisko@gmail.com',0,1,'2020-08-30 08:10:32.453231'),(133,'pbkdf2_sha256$180000$c112dpzU78Mr$PWdVSvmQVnr8nBujopATuTTxB47zfyi7xJNmGX7U0PU=','2020-08-30 08:36:34.650115',0,'Mortella','TALLA','DIACK','diacktalla@hotmail.com',0,1,'2020-08-30 08:36:18.879729'),(134,'pbkdf2_sha256$180000$jV3inxcRDlc0$fK3ilDxZkjCBSPcYU0dpgiRrNyBYmiQT/YtPLVPxKRs=','2020-08-30 08:56:38.900991',0,'Cheikhdieng','Cheikh ibra','Dieng','cheikhibre1999@gmail.com',0,1,'2020-08-30 08:56:06.914719'),(135,'pbkdf2_sha256$180000$tThH0MTdVrG9$BR256QSpZUud+5baCOT31oLN1a4ld/QdkAtXiCxYKhg=',NULL,0,'Gayem','Maïmouna','Gaye','gmaimouna91@gmail.com',0,1,'2020-08-30 09:29:17.480494'),(136,'pbkdf2_sha256$180000$66q4vTLANVkI$n+yaScP/0IAsK2ghP5ipUjW8yc8tvbcHBRLN9u9HmtI=','2020-08-30 11:39:20.173319',0,'Petit','Medoune','Mbengue','petitmbengue94@gmail.com',0,1,'2020-08-30 11:07:10.267210'),(137,'pbkdf2_sha256$180000$qTsR7YjSXJ8q$2t8Ry+XhL0OF9401rA+fD6LksP9yP0hWU4UoOmFv5MM=','2020-08-30 11:49:40.821471',0,'MansourBa','Mouhamadou mansour','Ba','mmouhamed1018@gmail.com',0,1,'2020-08-30 11:49:27.602729'),(138,'pbkdf2_sha256$180000$xeD07QxjL87h$8ZLWqXLNoIJKia5zu4+WDBVX1W485JUvl6Fbw87F9bA=','2020-08-30 12:48:25.417430',0,'Test','Test','Test','test@test.com',0,1,'2020-08-30 12:47:21.492285'),(139,'pbkdf2_sha256$180000$OwVMaXKGavwj$awqkBOFgTDEj9itkMNm4ty/cxlrZR6Hq7wi/gKifIWw=',NULL,0,'Aliou','Ndiaye','Aliou','Ndiayealioune006@gmail.com',0,1,'2020-08-30 12:58:44.914329'),(140,'pbkdf2_sha256$180000$QX4oYokQt4li$NhSWef2wuZrSgBoOpjyrp10gi2Y9FZSQix/ft1I28EY=','2020-08-30 13:15:35.950934',0,'abdounianediao','Abdou Niane','Diao','diao.abdouniane@gmail.com',0,1,'2020-08-30 13:15:28.325831'),(141,'pbkdf2_sha256$180000$uQe3NssFRjKn$pHrGclzCrNEddxzJH+itBPhSMZCm+QljVaJ4ploB1s4=','2020-08-30 14:53:52.012554',0,'Khalifathomasanka','Khalifa','Ka','kakhalifa52g@mail.com',0,1,'2020-08-30 14:52:29.522217'),(142,'pbkdf2_sha256$180000$5HqFYKoJtD5Y$ex7fmKZxGdN1vKZuBWXZiXRDEIhG6z0p7vsKYndJMto=','2020-08-30 15:46:30.173737',0,'Thiawml@ept.sn','Mouhamadou lamine','Thiaw','thiawml@ept.sn',0,1,'2020-08-30 15:45:52.436761'),(143,'pbkdf2_sha256$180000$VzxZHZfnRiEb$8W163SmRPKoef4cwIItozn8YMIETipm4GJld4HQtidg=','2020-08-30 15:50:36.450621',0,'Cookie','Arame','Dieng','aram171002@gmail.com',0,1,'2020-08-30 15:50:27.252732'),(144,'pbkdf2_sha256$180000$UEC3S11g2ima$9sj2JbIfoH62CIhm5ltk+XkqWfiUJnmaeEACSfQ+qaI=','2020-08-30 16:28:11.194725',0,'Jalib','Pape Ngouda','Dia','papydia444@gmail.com',0,1,'2020-08-30 16:27:43.450731'),(145,'pbkdf2_sha256$180000$0u75mIdCFxyg$aFmOXgH7N5Nu0S5mH97ksumMI3zVnGVcV8I9IRX0Nd0=','2020-08-30 17:17:03.402039',0,'moussa0411','Moussa','Faye','moussafaye0411@gmail.com',0,1,'2020-08-30 17:16:35.709794'),(146,'pbkdf2_sha256$180000$8CbzaSV0qQY6$7MU9xB3RpJDqQ8cQnKBx5HJwNpuh3wbdH1GmebkPRdQ=','2020-08-30 17:17:10.272286',0,'Tana','Ndeye Anta','Diagne','dadunelle@gmail.com',0,1,'2020-08-30 17:16:42.355312'),(147,'pbkdf2_sha256$180000$E5rJKdu1STMn$LCFiIWayFmIYEatqYNvEaeBYCjAm5BXxzaSun/oN6nY=','2020-08-31 17:06:33.071043',0,'alysall994@gmail.com','ALY','SALL','alysall994@gmail.com',0,1,'2020-08-30 17:20:21.257191'),(148,'pbkdf2_sha256$180000$1ob86VTV6fvz$BnVa6ihSprxCKjQ5g41ZUiG9U4Z1gygZUCmUkAz7MmU=','2020-09-07 14:06:36.550068',0,'Awa','Eva','Mboup','Mboupeva3@gmail.com',0,1,'2020-08-30 17:48:09.644086'),(149,'pbkdf2_sha256$180000$s9KAc2EmCkW6$1kDjB0zSIh3M7fNZ+/APDxzE5UVpQFVXEbDlHTFrE/E=',NULL,0,'Ddione','Doudou Mbada','Dione','doudione21@gmail.com',0,1,'2020-08-30 17:53:31.809066'),(150,'pbkdf2_sha256$180000$Dd1Z4NV9IOyt$Dr0OecVC6qcYv+Wvv6LId8npB0YEPlFuQtKm1bkdyhc=','2020-08-30 17:54:30.842866',0,'Nabou_zainer','Seynabou','Gningue','nabou2003gning@gmail.com',0,1,'2020-08-30 17:54:11.413292'),(151,'pbkdf2_sha256$180000$BoudTsSMxkpT$pPXGBLXYYqxq5XoksALFNg1XkNpD6v36DbW1B4LVGAU=','2020-08-30 17:58:20.619928',0,'physingénieur','Bocar','DIAO','bocardiao19@gmail.com',0,1,'2020-08-30 17:58:11.994228'),(152,'pbkdf2_sha256$180000$yDL8Ftws8Cd0$C4IjUHkuI/davCk4P3SFfGznbnN3tugKSaILlKpm/OU=','2020-08-30 18:25:09.788674',0,'DDL','Issa','Ndiaye','issaddl2000@gmail.com',0,1,'2020-08-30 18:24:43.151079'),(153,'pbkdf2_sha256$180000$hqrHHnlyErvE$uVCqVmnO/kUZl1MbuqOBfFiVV2/ehOXbnNfv8DIrm3E=','2020-08-30 18:25:30.198941',0,'Layebi','Abdoulaye','Diop','abdoulaye20d@gmail.com',0,1,'2020-08-30 18:25:21.458352'),(154,'pbkdf2_sha256$180000$N6MDF8Cmu6Rs$ZcUG/PpswiUs6EQskdlceSUmhkouCWV5DFMckLAJpws=','2020-08-30 18:30:31.379359',0,'Seydinarshone','Seydina','Laye','Slaye952@gmail.com',0,1,'2020-08-30 18:30:08.047398'),(155,'pbkdf2_sha256$180000$m1mql7HXUTMr$lfSV/3rPoninQc+Y3lCTtos+hJEW3UBgn8maQb78QoA=','2020-08-30 18:31:01.823626',0,'Youssoupha220102','Youssoupha','Fall','22fallyoussoupha@gmail.com',0,1,'2020-08-30 18:30:41.661609'),(156,'pbkdf2_sha256$180000$C7yDyonqNjMq$DFV+kXdvhA+ktHkdGVNE/7kwxKdzSo24pRKus1Mr3ns=','2020-08-30 18:43:44.155364',0,'Adama','Adama','Diop','adasshu00@gmail.com',0,1,'2020-08-30 18:43:15.880118'),(157,'pbkdf2_sha256$180000$vJbXz7yy3NHf$PD+1B/EAYAcqtWvzo/6iI4rG+5UPIO9UWvTnukjqxpg=','2020-08-30 18:52:08.496881',0,'Ibrahima','Tamba','Ibrahima','i.tamba55@gmail.com',0,1,'2020-08-30 18:51:51.736435'),(158,'pbkdf2_sha256$180000$IOdk0stDDej1$mMAiuABqftsCUSxXzrJRC8Kj9mJXF4Uid6Anmb3eZLI=','2020-08-30 18:54:07.700609',0,'bassirou17.sene@ucad.edu.sn','Bassirou','Séne','senebassirou648@gmail.com',0,1,'2020-08-30 18:53:45.170230'),(159,'pbkdf2_sha256$180000$Gb5w11PBhZfx$Gki6ier+o00ZA27TPZLZ9XvxpnQT8xpxbFsLE1hUW0c=','2020-08-30 19:11:19.446526',0,'ThiamBaba90','Mamadou','Thiam','babathiam78@gmail.com',0,1,'2020-08-30 19:10:43.761672'),(160,'pbkdf2_sha256$180000$TRtV8hSAlbsX$y+XFNCwmZb10RdioJr5SoSnItmli/Am3lJerwhPWaNw=','2020-08-30 19:15:44.635548',0,'Nieinstein','Baye niass','Ndao','ndewintonpiecedor@gmail.com',0,1,'2020-08-30 19:15:22.383220'),(161,'pbkdf2_sha256$180000$K4Vj9kcMJAF7$9yZufsI6t1Yd5Y2M0cI+9iF9UApJt5bHjibqY5ZGlMI=',NULL,0,'Sxmbxn_','Adja Thioro','Sembene','sembenetititithio@gmail.com',0,1,'2020-08-30 19:28:37.337912'),(162,'pbkdf2_sha256$180000$zlt6CM74SRsk$H78TnqKd78t4rDeRKlu4UlQn7bvvrp8hTwu/wwrqZIs=','2020-08-30 19:31:44.331436',0,'cab89','Bamba','DIENG','cab89@live.fr',0,1,'2020-08-30 19:31:25.749102'),(163,'pbkdf2_sha256$180000$B8U26CQvhZLN$V8cs7zTsZGVGIIW/S6poGRy6BPY8cN22EVyjbUBrflE=','2020-08-30 20:09:55.677535',0,'bathie','aminata','gueye','amigueye9801@gmail.com',0,1,'2020-08-30 20:09:23.750080'),(164,'pbkdf2_sha256$180000$sFMAzatBLxai$j2TTnCm/HjEk7OuUK9wcQuf9jzxTYE6ODCWkDyEuOuQ=','2020-08-30 20:19:16.257438',0,'Bass37','bass','ndiaye','ndiayepapabachir@gmail.com',0,1,'2020-08-30 20:17:02.677019'),(165,'pbkdf2_sha256$180000$qZUWonKDEH91$9TpoMRsmoaCl4DuQF3i0FPIzOAA4DSOmPZ3UG9Bhx2A=','2020-08-30 20:21:13.992379',0,'amethfaye0810@gmail.com','Ameth','Faye','amethfaye0810@gmail.com',0,1,'2020-08-30 20:20:46.880638'),(166,'pbkdf2_sha256$180000$hWiNKJYvJbl5$hGRjEK4LUlLmq7mDKekZOmUuJ6BQN/zc5BR5aPX/358=','2020-08-30 20:24:37.292779',0,'Pml','Papa Medoune','Lo','lopapa200@gmail.com',0,1,'2020-08-30 20:24:17.903100'),(167,'pbkdf2_sha256$180000$SoNw56q5Elex$bCvvCvlUxzlYazBZRnzv4WyBUpNGHUCKVR/42glWBPQ=','2020-08-30 20:27:48.015531',0,'Astu_Di','Astou','Dieng','ndeyeastoudieng84@gmail.com',0,1,'2020-08-30 20:27:23.726106'),(168,'pbkdf2_sha256$180000$qlNK1Cfu690S$JpBumpmqOOaYM/dr78wkubh0SsB+DEPHDtYFtbJ0VAk=','2020-08-30 20:50:02.346869',0,'Alamine','Mouhamadou Alamine','Lo','Logueye2017@gmail.com',0,1,'2020-08-30 20:49:56.504121'),(169,'pbkdf2_sha256$180000$vonHueeDZzJJ$2VnqKYJJPeu5Abyl6eEiOKMax33+J21qKd+piTDh9V4=','2020-08-30 22:12:54.754462',0,'Sow.khadidiatou','Khadidiatou','Sow','sowkhadidja00@gmail.com',0,1,'2020-08-30 22:12:31.921906'),(170,'pbkdf2_sha256$180000$haXgZAM3wt2i$Zr8LP0JpgaRvSG/WaZbKGs/HNUChgWiYVRl/KOyrhFo=','2020-08-30 22:21:54.856266',0,'Adja.Sow','Adja Oumou','Sow','dyjatou22@gmail.com',0,1,'2020-08-30 22:20:23.412243'),(171,'pbkdf2_sha256$180000$JybS7Cfkkjde$T4hOeQAJ533Sz5gppcEmghjWub7N1GLBS2k0PYdEsac=','2020-08-30 22:41:57.895103',0,'Falou17','Galasse','Fall','galassfall511@gmail.com',0,1,'2020-08-30 22:41:00.035936'),(172,'pbkdf2_sha256$180000$HyuGYvhVWawE$f7WgvD2EGQgNcIHPJ9DX7foru5ns7/97lNab5HisMkQ=','2020-08-30 22:57:25.974044',0,'Lamine10','Lamine','Sylla','laminesylla980@gmail.com',0,1,'2020-08-30 22:55:17.409675'),(173,'pbkdf2_sha256$180000$GgAT9PHvYbbX$QrWRYRFFhjtJVh88kw5mQ8JYOiYwnyE5EGJ9LWv788E=','2020-08-30 23:09:41.046436',0,'fallousenghor@gmail.com','Fallou','Senghor','fallousenghor@gmail.com',0,1,'2020-08-30 23:04:15.380575'),(174,'pbkdf2_sha256$180000$EvNNRbY84g6H$RWp5BSMtpoX2oZBB47IW/pT1MQDbrhRBAxvnoCRHN5g=',NULL,0,'bigbadwolf','Mohamed','Diop','mabdoulkarimdiop@gmail.com',0,1,'2020-08-31 00:30:45.469261'),(175,'pbkdf2_sha256$180000$RVItJAMYRkYK$fYe0cn3dWNh7Rjhpm+ZoI8JZucjJxmhohfFyb5NvM1Y=','2020-08-31 00:35:54.277697',0,'dmd','Djiby MBAYE','DIA','djibydiambaye@gmail.com',0,1,'2020-08-31 00:35:45.088761'),(176,'pbkdf2_sha256$180000$0xcLCDPbycy7$DF0QPjH+z4b+Fn6hT0ROyVYiv9kZmvL/YM7q2/3wP6w=','2020-08-31 00:50:54.174193',0,'khadija','khady','diallo','diallokhadija456@gmail.com',0,1,'2020-08-31 00:50:26.755590'),(177,'pbkdf2_sha256$180000$8nfVLsaEQfsw$wakzQxh9umRifYO1/WHwKF6lAk159LmkOEs5dRZJq2I=','2020-08-31 00:54:08.270118',0,'Thiate','Ndeye awa','Sow','ndeyeawasow@gmail.com',0,1,'2020-08-31 00:53:48.520511'),(178,'pbkdf2_sha256$180000$YrSubYQd8yuJ$eo9bRWo44hXojQw2tzqPE6bpEzhyBnDWBYda96fBhBs=','2020-08-31 01:17:30.426644',0,'bouna','bouna','mbodj','mboodjbouna@gmail.com',0,1,'2020-08-31 01:16:57.663043'),(179,'pbkdf2_sha256$180000$VEJPj3qrFuIL$W/UqrZffQR2NI7K6XQv2aZ+bPP7NwTKmEjZfDMvlOQQ=','2020-08-31 01:48:24.608097',0,'Bousso','Mame Diarra','Ndiaye','diariatoulah2212@icloud.com',0,1,'2020-08-31 01:48:05.294172'),(180,'pbkdf2_sha256$180000$IZurC2uFQEmy$CLJ+681G+knJ91srygy7l1WdnbFaxHQkfmmONkerSsU=',NULL,0,'ABDULLAH_KOITA','ABDOULAYE','KOYTA','abdoulaye180900@gmail.com',0,1,'2020-08-31 04:25:32.104948'),(181,'pbkdf2_sha256$180000$vsSrkdmZLHv3$JGkU2+iGDnX9ICjP3fEMry6HHNxW0tbFCK9KlgceYVc=',NULL,0,'ABDOULAYE','ABDOULAYE','KOYTA','abdoulaye180900@gmail.com',0,1,'2020-08-31 04:30:34.025845'),(182,'pbkdf2_sha256$180000$LTEZyDG1wiql$Ry+hZbMLUqEKHMpg+IhuzxJ0HpOJa5ERPC+ZZ/8nQro=',NULL,0,'Xmn','Xavier','Ngom','massmassiga@gmail.com',0,1,'2020-08-31 05:43:56.448342'),(183,'pbkdf2_sha256$180000$KZqeFOiMmDuZ$OVdXh0lnPD+bzp2cQyMGGh70Epu7TNvTr/k/pSwiaFM=','2020-09-08 08:12:57.570504',0,'Pape15','Issa','Ndiaye','isndiaye15@gmail.com',0,1,'2020-08-31 07:56:21.178527'),(184,'pbkdf2_sha256$180000$kjrLcGa1xUDr$Gy9TQOtEVv4IYs5qHOa7nTZu7OzaTSnsvGT/s3pEKcA=','2020-08-31 08:15:08.510574',0,'sambadieng12102003@gmail.com','Samba','Dieng','sambadieng12102003@gmail.com',0,1,'2020-08-31 08:14:13.631610'),(185,'pbkdf2_sha256$180000$ejzZajbh57qB$AKYiZwKUOLcFqx7x3W7ZtArAUoDGYHBmz4UxVgO7dkg=','2020-08-31 08:23:43.767743',0,'Saliouthiam','Serigne   Saliou','Thiam','sthiam039@gmail.com',0,1,'2020-08-31 08:23:23.035641'),(186,'pbkdf2_sha256$180000$oguoihFnFnbu$cNhYpC8pRXtshfyXHPEBv373YDxB0+3Rk3KgcAzB7yI=','2020-08-31 09:24:43.579660',0,'andiaye','Alioune','NDIAYE','aliounen28@gmail.com',0,1,'2020-08-31 09:23:52.239338'),(187,'pbkdf2_sha256$180000$fHwfvV4Rm7je$ZSFifUB9GHO3rFeW6ZHhWMdb9KoAOtaZhlaKdA+Qkjc=','2020-08-31 09:28:44.350790',0,'','Adji','Ndour','adjaftndr@gmail.com',0,1,'2020-08-31 09:28:15.463610'),(188,'pbkdf2_sha256$180000$8AMO5S7GimlA$R8aLeRwKxIoPYrTXaqmAJKDkoKOgmOrI9PTBN3qNd88=','2020-08-31 10:25:51.205293',0,'Imrane','Maria','Tall','imrane17@gmail.com',0,1,'2020-08-31 10:25:33.134692'),(189,'pbkdf2_sha256$180000$NJxTqUiS0yS5$zht7mqAk8lYiT8xCvWj4lX0FHye60NMPiy3x5OIkCP0=','2020-08-31 11:17:27.709495',0,'Sowmdou','Mamadou','Sow','sowmdou@gmail.com',0,1,'2020-08-31 11:16:47.237346'),(190,'pbkdf2_sha256$180000$yb8MWqJ1c3qE$UKEy4hlynP3bJYPgI/fZtsWe8yKDGXnLO45+kYOqKFM=','2020-08-31 11:28:04.912714',0,'Mouha95','Mohamed','GUEYE','gueye.mohamed@outlook.fr',0,1,'2020-08-31 11:27:52.458544'),(191,'pbkdf2_sha256$180000$EQX2EDL2yvR2$piAi3Pp2PigPTp26RsMVOrjpQvk7PlqqCle/OOhOHQE=','2020-08-31 13:11:08.341401',0,'Samb369','Abdoulaye','Samb','sambabdoulaye833@gmail.com',0,1,'2020-08-31 13:10:24.186896'),(192,'pbkdf2_sha256$180000$4F61O3txLcr5$iQ72dfL0+du+lwHLXDo0+jR5Hm+jWhw/h/IskES7iBM=','2020-08-31 13:52:12.266407',0,'Ndagandiaye50','Ndaga','Ndiaye','ndagandiaye50@gmail.com',0,1,'2020-08-31 13:51:34.940776'),(193,'pbkdf2_sha256$180000$6OMN7sCbhvaU$GqdCirTbb3KQzRusb7d69W1B7tHOHjzDbAXwmF2V040=',NULL,0,'Tima','Adja Fatima','Diakhate','fatimadiakhate804@gmail.com',0,1,'2020-08-31 13:53:35.884742'),(194,'pbkdf2_sha256$180000$as801zXWSILh$4MCH3JAWdBvQWiTgnDOB8Lkmmh5tZJRCzTWTkSvnU8Y=','2020-08-31 14:03:50.376304',0,'Mouhamed.jt','Mouhamed','Djité','mouhadjite@gmail.com',0,1,'2020-08-31 14:03:40.361740'),(195,'pbkdf2_sha256$180000$TSogBfMQqCZ7$EVmx9kGBRteN/3dS5u5Y9CLM7y1vRW+Sjs5FmmTUr5Q=','2020-08-31 14:49:06.179790',0,'ibaba','Baba','Diallo','Ibrahimababa84@gmail.com',0,1,'2020-08-31 14:48:31.687836'),(196,'pbkdf2_sha256$180000$7Bdd6mkokkVQ$Er4nDnn6tQsz/3UPNH99iJ3GC0jz+G77EvvMNMAbpXY=','2020-08-31 14:59:28.474633',0,'MHDINGBI','Mamadou HADY','DIALLO','hadylimz@gmail.com',0,1,'2020-08-31 14:59:13.101164'),(197,'pbkdf2_sha256$180000$Wn54iebhOt5D$1HDiMpTEmDSecjm+/IPWe+w1h7Q2NnOVVjZ/ZRVXOjg=','2020-08-31 15:10:02.998201',0,'Mboup.khadim','Khadim','Mboup','mboupkhadimrassoul10@gmail.com',0,1,'2020-08-31 15:09:44.262292'),(198,'pbkdf2_sha256$180000$p0mVE6YsTEbP$pSHGI0mdkuSNJ3qXb/7NYJX3mmGmiEUnUD2zSIcCeAw=','2020-08-31 15:44:16.725813',0,'Eva','Awa','Ngom','awangom@outlook.com',0,1,'2020-08-31 15:43:49.587544'),(199,'pbkdf2_sha256$180000$kNFo3ZyzGX2m$ysIhz8OBKWKHIp+gSeoBx8i6xrTz+9L/G3fnwlyc20E=','2020-08-31 15:48:11.173697',0,'Sowcherif553@gmail.com','Chérif','Sow','',0,1,'2020-08-31 15:47:50.570651'),(200,'pbkdf2_sha256$180000$fwP47qQJNHib$Z088eWqDaG2X8B/AjBrA/CabCRJTvwEiBMiW1YLVUaI=',NULL,0,'karkari','daouda','sow','sowanedaouda.1@gmail.com',0,1,'2020-08-31 16:47:23.590488'),(202,'pbkdf2_sha256$180000$di7gtrPY48GH$enPWgR8PP5ot5Zo+O5jpYANP/EEl4oro1KKu5vDR0Ew=','2020-09-02 10:46:23.453829',0,'Mandoumbe','Mandoumbes1','Sow','sowmandoumbe32@gmail.com',0,1,'2020-08-31 17:11:55.161209'),(203,'pbkdf2_sha256$180000$QP31YRotyTek$9zy0bWR3O4OI9ilPhN1nDL/Trj8a41bJ19R0Dh6TkSs=','2020-08-31 17:30:33.910251',0,'782157083','Binta','Traoré','colletraore5@gmail.com',0,1,'2020-08-31 17:30:24.467461'),(204,'pbkdf2_sha256$180000$6MvtFMTRhQOF$VxrSR72pKQjujX7BSVClCejUlqpvEfg/yhfqJvW4Z7Q=','2020-08-31 17:50:36.033804',0,'Msine','Mor','Sine','sinemor@ugb.edu.sn',0,1,'2020-08-31 17:49:39.222880'),(205,'pbkdf2_sha256$180000$dBVHg3d9o8wJ$F6zSuos9ds+AZGnj2mxI3ouqh8G6oLMhngdCBArLCi0=','2020-08-31 17:50:32.277575',0,'kyra','raky mamadou','kane','rakymamadouk@gmail.com',0,1,'2020-08-31 17:50:10.268631'),(206,'pbkdf2_sha256$180000$TnuGV36AkzbC$ng/apv/H7GP16UmLkUmTdAQg39GESTnrcPXocTpQQJE=','2020-09-05 20:09:42.239821',0,'Amel','Tidiane','Diop','diop941987@gmail.com',0,1,'2020-08-31 17:53:03.515706'),(207,'pbkdf2_sha256$180000$IXpzZMmrUv8O$dKtUXHYPbaJWzjHes6fHerbeQWtfLYG3VT6e4tgwJvw=','2020-09-12 20:42:29.489790',0,'AngeVirus','Mohamed','Loum','mohamedloum20@gmail.com',0,1,'2020-08-31 18:43:54.892783'),(208,'pbkdf2_sha256$180000$gNUzAvVV0icO$KV6ogzN6eY5OfugdEslhs+tgO1kWw7MH9DyOi1OdHFE=','2020-09-03 09:35:42.445917',0,'Ndeye02','Ndeye','Diagne','ndayediagne817@gmail.com',0,1,'2020-08-31 18:48:46.612363'),(209,'pbkdf2_sha256$180000$LlZEtS4pFbNT$m28bmcDRSoeR4MwiUwSwKM5BgWjUTHnYmYc8ED82ld0=','2020-08-31 19:36:59.357865',0,'Fallpapa149@gmail.','Papa','Fall','fallpapa149@gmail.com',0,1,'2020-08-31 19:34:46.344870'),(210,'pbkdf2_sha256$180000$B7guKlbPVWy0$xK1fiRz++JC1sYcli37QL3+jFoES3q2SM77GeR5EXXM=','2020-08-31 19:59:21.514267',0,'Youssouoha','Youssouoha','Toure','toureyoussoupha69x@gmail.com',0,1,'2020-08-31 19:58:59.137704'),(211,'pbkdf2_sha256$180000$K8e3WRh4D1rA$w6BHkkHdnN1SINO1+/7Rm2MN6UMTvsUpsYV+G3K/8oM=','2020-09-01 18:08:00.734075',0,'babsdoumbi04@gmail.com','Mamadou','Doumbouya','babsdoumbi04@gmail.com',0,1,'2020-08-31 20:12:31.987858'),(212,'pbkdf2_sha256$180000$KuA1sFmICIhn$EuaZppQOag5hY74mqa55rmjtZSD3kSkcQldm2BD8Bng=','2020-08-31 20:15:44.471146',0,'papinho011','PAPA MOUSSA','Ndiaye','ndiayepapamoussa50@gmail.com',0,1,'2020-08-31 20:15:32.108873'),(213,'pbkdf2_sha256$180000$G5OXvonhQmCe$syRXWfQvol6yaZcx6dA7vBiwSJAzXx8cx/YDhoIN46g=','2020-08-31 20:22:27.251563',0,'dre','Amadou','Sane','andre.sane590@gmail.com',0,1,'2020-08-31 20:19:33.754190'),(214,'pbkdf2_sha256$180000$jgYROz5Myr4M$IXhGMjch310N3XB9l2jAGeY8l41gRonqZaTpvryLWKQ=','2020-08-31 20:30:00.027438',0,'amathndaoseck13@gmail.com','Amath','Seck','amathndaoseck13@gmail.com',0,1,'2020-08-31 20:29:48.024307'),(215,'pbkdf2_sha256$180000$7Mc3m0YC44u8$bJHySw6K8sM6EOuidYlxHcaAUZMsE8G4TvutYjPVqAQ=','2020-08-31 20:43:09.944923',0,'Jopmaxu','Makhtar','Diop','diop.xuman@gmail.com',0,1,'2020-08-31 20:42:54.631958'),(216,'pbkdf2_sha256$180000$mtLUetTlZRGS$e8imJ1EUfzjhyQRgVBDyKkD5WMLKUa/QoU83ljni1pk=','2020-08-31 20:50:31.462613',0,'Mamadou','Mamadou','Aidara','mamadouaidara52@gmail.com',0,1,'2020-08-31 20:50:15.722192'),(217,'pbkdf2_sha256$180000$Nf9cGY9pt4LP$UnTYbx6LKdjsT/Pxq4a1++FW3N+YAQlsvCraSESGEv4=','2020-08-31 21:17:52.009836',0,'Adams','Adama','Sall','adama.sall@hotmail.fr',0,1,'2020-08-31 21:15:37.131091'),(218,'pbkdf2_sha256$180000$kez1IKaF13AM$xht4Xjfjun40w9Tc7ApSoqC8dcZ334Zi7xi5CyWraPs=',NULL,0,'kane','aliou','kane','alioukane@gmail.com',0,1,'2020-08-31 21:20:57.934066'),(219,'pbkdf2_sha256$180000$sTdQuW7M248z$lS8HoO2APRxg0Veuy2lGNlI3WpsrGWzsBKBKQWLUopE=','2020-08-31 21:28:27.869427',0,'adoumgalao','Mamoudou','THIAM','thiam.911@gmail.com',0,1,'2020-08-31 21:27:52.878698'),(220,'pbkdf2_sha256$180000$nG1NKBUKtn02$+U8Y9wfbhZP++M1FCITXhxWjLuqJmJZjXKX+ktJS3Os=','2020-08-31 21:31:02.174754',0,'Salioudiao48','Saliou','Diao','salioudiao48@gmail.com',0,1,'2020-08-31 21:30:10.372572'),(221,'pbkdf2_sha256$180000$Ctwe5CzS3elX$Ae47MC+xXKleQNpmjdyiqQWK5GqfFPYwdP755qFv/Ok=','2020-09-02 08:15:33.240850',0,'Maïmouna','Sokhnamaï','Faye','+221765384529@diourbel.com',0,1,'2020-08-31 21:33:58.364195'),(222,'pbkdf2_sha256$180000$H3WeYbLmL6DT$Tj7Ey+HlXkP04hMpCh3Ok+De0JdF3ytFecE9Uez4iuE=','2020-08-31 21:41:00.110445',0,'hamidousow077@gmail.com','Hamidou','Sow','hamidousow077@gmail.com',0,1,'2020-08-31 21:40:47.405772'),(223,'pbkdf2_sha256$180000$mtgKqOQ41okZ$F/VA2zDSZ4/xp8ZdGS9rqiGHj/tvqLKIm7pvJsCrK3w=',NULL,0,'Ano','Ndeye Racky','Thiam','bbracky736@gmail.com',0,1,'2020-08-31 22:23:17.749157'),(224,'pbkdf2_sha256$180000$5u5DmooZyaWN$Ul3ef5u0Or1qag4KclfYBwxci/gETFkjfOZUNRSob3w=','2020-08-31 22:34:54.110706',0,'Ngommakhett','Makhett','Ngom','makhettngom2@gmail.com',0,1,'2020-08-31 22:34:26.270132'),(225,'pbkdf2_sha256$180000$vEFay9733lMm$nC6ZzFpJivvra0J1ZzJVE91XKQVnfqVXJsZvB4hNnGo=','2020-08-31 22:40:10.022547',0,'faty5.mbaye@ucad.edu.sn','faty','Mbaye','fatymbaye97@gmail.com',0,1,'2020-08-31 22:40:04.319291'),(226,'pbkdf2_sha256$180000$s4iZPHNnvwkr$o5b743wM6JruCJEOs70zNAGtqJOHDPlGIWVRC42/ymw=','2020-08-31 23:22:44.310474',0,'LAT','Papa Latir','DIOUF','latirpape@yahoo.fr',0,1,'2020-08-31 23:22:20.111646'),(227,'pbkdf2_sha256$180000$PUvjw2oKtgo2$n3UJok4s9xGhaQwygLN+rVeSXppARkKSSS88F/yQLpA=','2020-08-31 23:23:15.476765',0,'Awamarefashion@gmail','Awa','Mare','awamarefashion@gmail.com',0,1,'2020-08-31 23:23:00.183659'),(228,'pbkdf2_sha256$180000$vqOr2ezOqZ8j$zULPdKcUmCw5WPQCN9g+FzRkW9Xhg6fkG7UxLiFF9kw=',NULL,0,'diaunis94','DAHIROU','DIA','diaunis94g@gmail.com',0,1,'2020-08-31 23:26:38.549579'),(229,'pbkdf2_sha256$180000$QARGzjsi2Qy5$pjs5FwVP+7z7wR2w6j7bFgjrfKw2W988zSv3tFEweAQ=','2020-08-31 23:36:40.932625',0,'diaunis','DAHIROU','DIA','diaunis94g@gmail.com',0,1,'2020-08-31 23:35:42.588326'),(230,'pbkdf2_sha256$180000$fGRfGm9kXxKB$/QNGhqowLcCdqXQeld+UGZprH8YN3WoM0oZMPHHe0eQ=','2020-09-02 00:55:53.729831',0,'kebemadiodio','madiodio','kebe','kebe@gmail.com',0,1,'2020-08-31 23:59:31.379421'),(231,'pbkdf2_sha256$180000$MmiZfcKpKAeo$oLdhKQYyGXsEzgMAoOqJzUghYaMu62wGlcv807pmfew=','2020-09-01 00:23:16.242502',0,'Moussa_SENE','Moussa','SENE','moussasene1999@gmail.com',0,1,'2020-09-01 00:22:59.702510'),(232,'pbkdf2_sha256$180000$cPB3xnmrx03d$yNjPBnN4P9EXm/MasAxMtYoDct9QPo95qHP573BE3f4=','2020-09-01 00:31:12.213547',0,'Faye','Mbar','Papa','mbarfaye98@gmail.com',0,1,'2020-09-01 00:29:21.091145'),(233,'pbkdf2_sha256$180000$aLOpa7dfoBjN$GEjHgAn3081IAj1oJHDtDENAQhHZSaPY5f8LM5ZTOww=',NULL,0,'Ndeye2000','Ndeye','Faye','fayebaboucar92@gmail.com',0,1,'2020-09-01 01:13:28.245856'),(234,'pbkdf2_sha256$180000$IGVyDVryEaq1$GVSAKhkRI2NNTzMLTNMc2N4rSZJWIDYfjvnmQLBPtzo=','2020-09-01 02:37:36.041920',0,'mouhamedndiaye','Mouhamed','Ndiaye','khillah960@gmail.com',0,1,'2020-09-01 02:37:17.888599'),(235,'pbkdf2_sha256$180000$sn7x0mGESBxo$TpQS1eTYgAdYy854dKOKdAhhdAJtiq29NEc4vjEutbY=','2020-09-01 09:22:23.745134',0,'Mamoor','Papa makhtar mamour','Ndiaye','mamourm824@gmail.com',0,1,'2020-09-01 09:22:10.957263'),(236,'pbkdf2_sha256$180000$lfgRdfhrgor7$j4RBZf7S9wtgKIIleNu17OP325qkXaJm3Ie2+50vVCo=','2020-09-01 10:16:56.285417',0,'Aziza','Abdou Aziz','Touré','toureziza7@gmail.com',0,1,'2020-09-01 10:16:36.442814'),(237,'pbkdf2_sha256$180000$3ik5NjTyQR9d$tgMvZrtf95l5FhKXkOTCA/XfjryJWQtUB211nK++3C8=','2020-09-01 10:18:50.791261',0,'Mory','Mory','TOURE','morytoure2@gmail.com',0,1,'2020-09-01 10:18:47.319395'),(238,'pbkdf2_sha256$180000$A4oZ5pTyfKRh$RKMdmdLMBchfhNy2wGDPWbxmkeflc/t5WqfV/wvsKaY=','2020-09-01 10:34:44.561008',0,'Ndiagasamb1','Ndiaga','Samb','ndiagasamb86@gmail.com',0,1,'2020-09-01 10:33:43.620881'),(239,'pbkdf2_sha256$180000$XnhwGc687vVj$X6gPZT2AJexulJh+jXcFtQG5ZRx96wjWLL6qyhFp47A=','2020-09-01 11:11:59.200577',0,'Walter23','ARSENE','MBA','arsenemba19@gmail.com',0,1,'2020-09-01 11:11:43.187931'),(240,'pbkdf2_sha256$180000$Q6OW7aY922Xc$kuLYI22xFnRNPdMn873PAMFgGH3kwt80yjLJJ/x91PA=','2020-09-01 11:19:41.832452',0,'Demba312','Demba','Sy','dembasy939@gmail.com',0,1,'2020-09-01 11:19:16.989095'),(241,'pbkdf2_sha256$180000$nxi2C8n35wrH$0wLF68dBLOtCOt9lV/DyUbqoDYGtNXXdjxoaKLv5LvI=','2020-09-01 11:30:54.498193',0,'Mniang','Mouhamed','Niang','niang.mouhamed@outlook.com',0,1,'2020-09-01 11:30:44.916588'),(242,'pbkdf2_sha256$180000$U5iflYPcrF1w$u5TAtl/KmN//bxyPSI4dWwMS3zO0IXXvMZmpL8jVdX0=','2020-09-01 11:57:24.249798',0,'Frew','Ibou','Diop','diopfrew@gmail.com',0,1,'2020-09-01 11:56:11.744495'),(243,'pbkdf2_sha256$180000$kFFvKUBBRos2$fXHc40KaKCSRhYKj2/DAUVTUZ5st1JsbmYSTHAihOUY=','2020-09-01 13:33:12.351832',0,'Adjaratou','Ndeye adjaratou','Diop','adjara2695@gmail.com',0,1,'2020-09-01 13:31:54.864047'),(244,'pbkdf2_sha256$180000$GmqYIvfhR1ce$d72UoqCtSk1VhpL4ZJOxDglOyVX6WxObDMkwmDL0wOA=','2020-09-01 14:06:19.155779',0,'Abou','Abou','Sow','bousow034@gmail.com',0,1,'2020-09-01 14:04:04.293840'),(245,'pbkdf2_sha256$180000$htXuunCOfDcN$LL4HvXAXdSRP5xmpgr6icIwT7LWNLpNGG9waGjc7MBQ=','2020-09-01 20:44:13.083469',0,'Ayda','Yaye aida','Dia','renoieaida2@gmail.com',0,1,'2020-09-01 15:20:32.616827'),(246,'pbkdf2_sha256$180000$iWAKQRbIZVnk$Vu71xIu5hfW9Ixr80n5Rmdy+zV7aIcauNdR8c/Mwby4=','2020-09-01 15:41:20.474283',0,'Uzbalde','Ousmane','BALDE','ousmanebalde182@gmail.com',0,1,'2020-09-01 15:40:59.981447'),(247,'pbkdf2_sha256$180000$yCJ5Uf31HH2w$cEgINHEg4ySXq3g2TaDay1lDKnoun72KxWZotfv5cTE=','2020-09-01 16:08:12.838401',0,'Ado','Bi','Ra','smartboss94@gmail.com',0,1,'2020-09-01 15:56:42.332110'),(248,'pbkdf2_sha256$180000$aakwoRvI2u5J$qoFvbdEXAl3VqFNoMg8E6lB43xjcS/r2zl71iR7HJyA=','2020-09-01 16:00:02.941747',0,'Ada','Bi','Ra','fg@jk.com',0,1,'2020-09-01 15:59:59.512665'),(249,'pbkdf2_sha256$180000$njLzrZyZLgQi$en6ESjg58oCTl/DcYT994oVhDLF+Zy3o/9mVFpAOmJY=','2020-09-01 17:11:42.190878',0,'ssogodogo','Siaka','SOGODOGO','sogodogosiaka7@gmail.com',0,1,'2020-09-01 17:11:23.835454'),(250,'pbkdf2_sha256$180000$C2tLoAX0EGUB$r3P0LsDJ4cx1MHXceEMbgEqWboJ9KohBqP+Cl3ywqZw=','2020-09-01 17:14:41.135289',0,'fababy2001@gmail.com','Fama','Mbengue','fababy2001@gmail.com',0,1,'2020-09-01 17:14:14.404720'),(251,'pbkdf2_sha256$180000$BLNu8I8KrWlD$SgmDD2/dJ2myVOV/QBfVzT474co4W9jN70WZU2Gv9s0=','2020-09-01 18:04:19.244793',0,'fatima.sao','Fatimata','SAO','fatimata.sao1996@gmail.com',0,1,'2020-09-01 18:03:56.731282'),(252,'pbkdf2_sha256$180000$e3ldBr7okgY0$jSvm+auBzbqXpQIU6KkYBxIeZBK2c1rsz/8i6zOlmK4=','2020-09-01 18:22:15.001297',0,'sndf','Seyni','Fall','sndf@hotmail.com',0,1,'2020-09-01 18:22:08.887928'),(253,'pbkdf2_sha256$180000$nQ5IUjtvTzuj$4904DnYzhhKjMY2jIrJ0vaeveXzRgoAsJ7AAZOX/wyE=',NULL,0,'Cheikh','Cheikh','Dia','cheikh.dia@uvs.edu.sn',0,1,'2020-09-01 18:42:09.927237'),(254,'pbkdf2_sha256$180000$0LjVgYT3Cn9H$Ywq4tbcHqQhUQwuQV+5uXB/1/CMaVio0PRcYMrqk9gE=','2020-09-01 21:28:14.043559',0,'laye2409','ABDOULAYE','DIALLO','layealba98@gmail.com',0,1,'2020-09-01 19:08:05.864513'),(255,'pbkdf2_sha256$180000$LponsQZ6b64T$xg6CJbDGgXnDED/uiLDvv6LkD5IHTDKwp3EZ8nXcKu8=','2020-09-01 19:21:21.067738',0,'KeitaIpsl','Mamadou','KEITA','kkeitamamadou365@gmail.com',0,1,'2020-09-01 19:20:41.756804'),(256,'pbkdf2_sha256$180000$MLDe3RVjiqU1$rSasK2cRtB12xf/XHhud2ta1/ARA0L2oygs9vYVZbrc=','2020-09-01 19:27:02.023035',0,'khadim.thiam65@gmail.com','Khadim','THIAM','khadim.thiam65@gmail.com',0,1,'2020-09-01 19:26:31.157971'),(257,'pbkdf2_sha256$180000$eeMMS3CAuauE$oPaj2nf9/SUCK8/7BVByMk2I3k+gY2Z7OLJ0rS1lM6g=','2020-09-01 19:33:01.586153',0,'Diallo10','Mamadou Dioulde','Diallo','mamadoudioulde162@gmail.com',0,1,'2020-09-01 19:32:49.000806'),(258,'pbkdf2_sha256$180000$iq1BbsqfRUzU$/pRftBtNw/jyhjaGXJwBysZv9LgpdvocMSTusQoVGrk=','2020-09-01 20:13:28.941754',0,'Pendaa','Penda','Ndiaye','mamyndiaye274@gmail.com',0,1,'2020-09-01 20:13:23.179314'),(259,'pbkdf2_sha256$180000$hJAWRM6zNcgQ$NDEGD16T4rJh7ZkxmLslxz/0TYkPc9NVoyjbZ+DoRHY=','2020-09-01 22:57:02.869083',0,'Ndiakhate123','Ndiakhate','Diop','diopndiakhate123@gmail.com',0,1,'2020-09-01 22:56:39.061148'),(260,'pbkdf2_sha256$180000$LqqrSvs2OhOM$5KXc9KytiDYL7Bw0jNAbVNoPDKLrEy8VqtfGxZQFLjs=','2020-09-02 00:07:40.007559',0,'Soucouta.djigaly@ucad.edu.sn','Soucouta','Djigaly','soucouta99@gmail.com',0,1,'2020-09-02 00:07:24.991046'),(261,'pbkdf2_sha256$180000$z6Obw2eXbwkv$M+1SRdx1K1Sn2sYiPSmHXXnU9A1sJWrz4OfYssp+YEM=',NULL,0,'labo','yaya','ba','ybalabo99@gmail.com',0,1,'2020-09-02 00:16:13.469860'),(262,'pbkdf2_sha256$180000$lD45z299RNa6$WIlgkVu+U0SlJ7tStwFl0AUzuHUQuTVPWr5v7YbKpxM=','2020-09-02 00:50:42.292666',0,'Kingsley@les.com','Oumar','KÉBÉ','koumar.cheikh@gmail.com',0,1,'2020-09-02 00:50:22.843815'),(263,'pbkdf2_sha256$180000$c3L7FK6qvHTJ$PzS8JeF62Mf66TvOXkLoBTzpHNA4MKH+WNIV8JHYU7o=',NULL,0,'Devado','Daouda','Faye','daoudaf274@gmail.com',0,1,'2020-09-02 02:59:24.524950'),(264,'pbkdf2_sha256$180000$G85nJNyQZRwu$afJ6V3E1CWWib4sclcH9p7uC4MgV3oKHfvw09LG5+Oo=','2020-09-02 12:38:11.271294',0,'Abuanas','Tahir','Diallo','tahirabuanas4@gmail.com',0,1,'2020-09-02 12:36:51.642042'),(265,'pbkdf2_sha256$180000$aQ6YeGtgqxMB$om7GGddcvZltVXoeX+B8tTE7lEMizOwc3vOdEv2W21w=','2020-09-03 11:35:42.333530',0,'Kane17','Harouna','Kane','Hkane532@yahoo.com',0,1,'2020-09-02 13:40:03.606334'),(266,'pbkdf2_sha256$180000$RPzbtV5g9CFI$3UJ1UtusrBFTxYzpWILtQLLOwJdnISe8GpFsqSmo/W4=','2020-09-02 20:22:13.793718',0,'Dieynaba','Dieynaba','Wade','ndeydieynaba@gmail.com',0,1,'2020-09-02 20:21:54.475521'),(267,'pbkdf2_sha256$180000$jhKrgo0RSetC$2FYBe4M5NdQ6V73JmP0STO72qBGIaneJSdMLLAoAOts=','2020-09-25 16:59:02.611901',0,'Jules136','Jules','Cesar','julescesar136@gmail.com',0,1,'2020-09-03 17:43:06.423345'),(268,'pbkdf2_sha256$180000$SNZbvy5mMTUA$88KkpACJub/28HwWzuXLVXmdgZs9pl+xpT+g3BksSpU=',NULL,0,'ameena','aminata','dia','zahrita2005@gmail.com',0,1,'2020-09-03 23:52:45.331224'),(269,'pbkdf2_sha256$180000$F4Xl1OUfgdXJ$wJiKVgdaZ4PwZx6nmQPHalX7vfqSqf9biE6DnPtTIBs=','2020-09-04 03:34:42.245929',0,'diallofatima','Fatoumata Binta','Diallo','binta.fbd@gmail.com',0,1,'2020-09-04 03:34:30.871326'),(270,'pbkdf2_sha256$180000$cQzPRRsJ4ZHK$yIOzG6KhKCboJtFCU3bRMogSkDv7VzJerMv6RrMQ9Lg=','2020-09-04 03:40:03.756947',0,'Dimkhaa','Khadim','Khouma','dim94khaa@gmail.com',0,1,'2020-09-04 03:39:51.344480'),(271,'pbkdf2_sha256$180000$5OFcNJnBsw4Q$kIIa11Mgt4VhPnhK1sCMc3K68+pJRo8s4zI1ckEIiX8=','2020-09-04 05:31:36.070938',0,'NDAGUI','Ismaël','Traoré','ismaeltraore200000@gmail.com',0,1,'2020-09-04 05:31:15.989066'),(272,'pbkdf2_sha256$180000$IkzivdD5NS6J$rRtKc9lQZ/D2DfIsgE+W8osftNmfP//Bez37OGbxhAk=','2020-09-04 14:15:53.535534',0,'Hawa19','Awa','Thiam','awa.abdouthiam@gmail.com',0,1,'2020-09-04 14:15:36.213624'),(273,'pbkdf2_sha256$180000$gVvmDgJcwgSO$+4DGQMX/jGoXf7gdO2ZmyvzrbUZ7WxxKQxd1fyHQq2c=','2020-09-04 15:22:13.860695',0,'Omd','Omd','Jarra','',0,1,'2020-09-04 15:21:48.064397'),(274,'pbkdf2_sha256$180000$B7hcuDdsf2SN$ijN9HnGeEczPqimLECg1SeUWTO5s5GNEuGzt+kwMZ/A=',NULL,0,'Jallow','Madinatou','Jallow','madinatou.jallow95@gmail.com',0,1,'2020-09-04 15:29:49.257091'),(275,'pbkdf2_sha256$180000$chGFRFKicmIB$NxDBnXOz2kfknW7q136yDDsCtTb4jBkJRAcf9x6umyI=','2020-09-04 21:38:01.883094',0,'moustapha.b.fall@gmail.com','MOUSTAPHA BASSIROU','FALL','moustapha.b.fall@gmail.com',0,1,'2020-09-04 21:37:15.601642'),(276,'pbkdf2_sha256$180000$4bYlf4jJens6$hzL8iQ+HjsHIbhhLCYkQJtRoe62Sn3kPoGg+hz6xG/4=','2020-09-04 21:44:44.780757',0,'Blary','Blary Hermann Guscard','COULIBALY','blaryhermann@gmail.com',0,1,'2020-09-04 21:44:17.065816'),(277,'pbkdf2_sha256$180000$kuJ94oJxv5KJ$8F8ttV1Tpu/L+gwqjfSNXlYOIs7Af3Up2yOV7YNku80=','2020-09-04 22:32:56.630466',0,'Jean-Paul99','Jean Paul','Sarr','sarrjeanpaul629@gmail.com',0,1,'2020-09-04 22:32:24.534557'),(278,'pbkdf2_sha256$180000$7XPT779aO3nw$BBpUxE+ttd4QOXueeZh5O0DYGV1Dx958akLKCsILjz4=','2020-09-08 19:58:00.791986',0,'@assanethioub','Assane','Thioub','assaneth15@gmail.com',0,1,'2020-09-05 00:25:11.696205'),(279,'pbkdf2_sha256$180000$s6cv9agMsVCJ$2TvnBftudY16VjQK3la8VmFGZm6B7TX0k0runJBU6RM=','2020-09-05 03:04:47.575024',0,'Daouda','Daouda','Faye','daoudaf274@gmail.com',0,1,'2020-09-05 03:01:41.783441'),(280,'pbkdf2_sha256$180000$FS5nW4d2sUI4$miRd00/TIDEHw8PAJg8K+q62mTegvcft72M1H5a4Ceo=','2020-09-05 13:26:33.964211',0,'Youssou','Youssoupha','Motema','221empiretkpt@gmail.com',0,1,'2020-09-05 13:26:20.023433'),(281,'pbkdf2_sha256$180000$hOKzaJMLqvTJ$es+mv+ulJF1G9IbCp1kMnRT0qdWNkw0sa5O8WuRNcpU=','2020-09-05 18:05:54.998537',0,'Tidiane','Tidiane','Ouattara','ouattaratidiane001@gmail.com',0,1,'2020-09-05 18:03:29.793816'),(282,'pbkdf2_sha256$180000$5clmgWPHX67L$YTW6UPQi7qUZzyK5SLtnXkTaDeypFBRCg3ztP1iU0KE=','2020-09-06 03:24:09.632167',0,'N00A38520181','Mamadou','Boiro','boiromamadou06@gmail.com',0,1,'2020-09-06 03:23:33.818080'),(283,'pbkdf2_sha256$180000$T2JAsP8xADYr$EaS1ZokGw1pwBw6Re82cV8lKLHC8kBFIt6tfVcTE0hI=','2020-09-06 06:35:36.376194',0,'saliou_ollaid','Saliou','Diallo','saliou.diallosg10@gmail.com',0,1,'2020-09-06 06:34:56.241784'),(284,'pbkdf2_sha256$180000$mibslmNosKWq$0eSw4n/BTY4ck/7t7Rd0fHIhOGdIU7cp8zkuBvj3o8s=','2020-09-06 11:15:36.135388',0,'Sahmado','Ahmadou','Sow','ahmadousow270@gmail.com',0,1,'2020-09-06 11:15:20.200737'),(285,'pbkdf2_sha256$180000$lFguyoxpXFn2$bIxxOunqLMcsT7VpbmnYr/XpvUJB6gP3JrVtBgaQpFs=','2020-09-06 12:44:43.936923',0,'Mamemor','Mame Mor','Khoussa','mamemorkhoussa1246@gmail.com',0,1,'2020-09-06 12:44:16.699602'),(286,'pbkdf2_sha256$180000$kwbSXWQ3Ux0c$Jxlrrgg0LwFBi+0GcvwoipjTtyFtXIEu8DNMtdqw5TI=','2020-09-07 09:54:05.349246',0,'Djibrilseye','Djibril','seye','djibril_seye.600@icloud.com',0,1,'2020-09-07 09:49:47.660721'),(287,'pbkdf2_sha256$180000$YWcqZNigUS2s$6c5LsZV7C0xM/pGTlLh/MRQJLLVve2nn923lpMtpcr0=','2020-09-07 13:18:42.797741',0,'Caicha','Aïssa','Cissé','caichasolo@gmail.com',0,1,'2020-09-07 13:18:11.647309'),(288,'pbkdf2_sha256$180000$7eQA05hUbAdN$O1h/hGKF1M+KfPol7uDUa/ysRNT9MnyKOMWqTYAKW2U=','2020-09-07 16:03:11.508041',0,'Akashi','Mouhamed','DEME','mouhameddeme543@gmail.com',0,1,'2020-09-07 16:02:54.290179'),(289,'pbkdf2_sha256$180000$Co0XyP6gu5G4$EUaHEbKSgmnSwikE6iDv8Ut8H86qfB92HHvtfRm61vs=','2020-09-08 00:51:13.303914',0,'SamDaha','Daha','Sam','',0,1,'2020-09-08 00:45:34.366155'),(290,'pbkdf2_sha256$180000$XY8ttRutsxwH$UgsqrAuLbLBAK+JTxeBN8oqQf0IILx1rI+Fi4Oc/0Ks=',NULL,0,'Karim','Mamadou','Dia','mamadoukarimdia72@gmail.com',0,1,'2020-09-08 20:52:42.102001'),(291,'pbkdf2_sha256$180000$UxlXluvZTe9E$/sejeIyy5Sz1Hln6FBdIIZjnguENfbVH5G1aaOS+MSw=',NULL,0,'Mkarim','Mamadou Karim','Dia','mamadoukarimdia72@gmail.com',0,1,'2020-09-08 20:56:04.290517'),(292,'pbkdf2_sha256$180000$Dj2zuVyaF89e$VYiOclKaNXaDtsqojDJWjE5ecEgRkknKTEadRVYRQHk=','2020-09-08 22:48:27.515385',0,'LaFanatique345','Khadija','Bassoum','dijabassoum36@gmail.com',0,1,'2020-09-08 22:47:50.552697'),(293,'pbkdf2_sha256$180000$EcfMorWAxWic$Iu8c0NMCzTIV4VVLMkQQFiGN45QVp7VGOYRm9WKPpJE=','2020-09-08 23:12:42.175818',0,'awaniang','Awa','Niang','niangeva793@gmail.com',0,1,'2020-09-08 23:12:15.178768'),(294,'pbkdf2_sha256$180000$2CEIE0xCEgIY$8VZejHmQrRRCG4NvKjAOl05UUOEIiVB2NPiTUA0fnhU=','2020-09-09 00:52:51.578247',0,'Awab','Awa','Bathily','bathilyawa346@gmail.com',0,1,'2020-09-09 00:52:19.205281'),(295,'pbkdf2_sha256$180000$25mwcjdcRNyL$k5Xvkc4nSkp4CnCqa2iaGqn9W8UioWnwSAY/QSbLKsY=','2020-09-09 08:20:03.493135',0,'PapaDiop5','Saliou','Diop','diopsaliou5@yahoo.com',0,1,'2020-09-09 08:19:58.680340'),(296,'pbkdf2_sha256$180000$v8FkkfIp7tfb$SKi4ESXqxBVYY+KRt8JjcgHK2a6wy7h1Eszgx/ZWxvU=','2020-09-09 16:58:09.986558',0,'sows284@gmail.com','Saliou','Sow','sows284@gmail.com',0,1,'2020-09-09 16:57:55.353421'),(297,'pbkdf2_sha256$180000$5mnKRNd9p7J7$6fpwzPuNVgau4l6eMoqr2aJFdHF5+9W/pEhSwSdZlYc=','2020-09-18 23:20:58.455856',0,'Binta','Binta','Tendeng','bibishtdg@gmail.com',0,1,'2020-09-10 10:31:38.056321'),(298,'pbkdf2_sha256$180000$Pw249EmfYU36$WLcLphpjkJjabs7ZRxSSw92O1IDQHFKzOHZIzmtBYRg=','2020-09-19 08:47:49.099262',0,'Diabelndiaye','Diabel','NDIAYE','ndiayediabel01@emeil.com',0,1,'2020-09-10 22:38:46.239241'),(299,'pbkdf2_sha256$180000$rCwXs6i5VjUm$8fu3knI7hBNW8ntg6XpnV260asbnmbUxSqnA3RIFUjE=',NULL,0,'falu','fallou','diene','serignefalujene@gmail.com',0,1,'2020-09-11 12:33:45.845156'),(300,'pbkdf2_sha256$180000$NAPrL4IfYhr1$db7anLApp40/DveSvLkNXJ4NuCZlydIJPk6yFXY3SqE=','2020-09-12 16:41:20.333826',0,'Fatoucisse','Fatou','Cissé','kaffrine@gmail.com',0,1,'2020-09-12 16:40:20.290023'),(301,'pbkdf2_sha256$180000$MIYXqedXwpMJ$TNwB/EEEsHekL7NOa1LRFx6CURhQBcyhwXBWVKg8WcI=','2020-09-12 22:35:14.173710',0,'MoussaSOW','Moussa','SOW','itieuxamb@gmail.com',0,1,'2020-09-12 22:34:14.464946'),(302,'pbkdf2_sha256$180000$8QahCD81ewz3$Y2shKAnRV56wEZSRu8R7VsCJOlfqY+cVPkrLO9FK4Is=','2020-09-13 18:31:46.428233',0,'3d2y18','ahmaD','SYEY','cherifseye2000@gmail.com',0,1,'2020-09-13 18:22:24.142770'),(303,'pbkdf2_sha256$180000$GZQy4QueSsL0$rPhwvFX/KtozQQjLKh7n+34OyvMeH5Nrp803altrnMI=','2020-09-13 18:28:56.677317',0,'bakhdad','borom','borom','djiliserio90@gmail.com',0,1,'2020-09-13 18:28:47.172997'),(304,'pbkdf2_sha256$180000$VvBA0kxsLxMS$aOk5VTIRb6YzS30xJnrDD3P/BQjaGWdAahxLjqNAY04=','2020-09-14 19:16:54.413257',0,'JOE','Valderama','DURKHEIM','valderamadurkheim@gmail.com',0,1,'2020-09-14 14:24:03.994622'),(305,'pbkdf2_sha256$180000$LhiBwD7eSMQJ$kd0lBlBLhrkuyISqsZMS5u3sYbSsOR3m1T3AZWTuNEg=',NULL,0,'THIOMBANE','Lamine','Thiombane','lthiombane01@gmail.com',0,1,'2020-09-14 16:25:12.649099'),(306,'pbkdf2_sha256$180000$aabh7ObcCmtj$ngH2nEi+/ZUPwfe3RyjFhycVHBLlTRt+8bzXZFbzQC4=','2020-09-15 04:06:21.894235',0,'mbengue_good_doctor','Mamadou','MBENGUE','mbenguemamadoumb@gmail.com',0,1,'2020-09-15 04:06:03.222128'),(307,'pbkdf2_sha256$180000$7m1KgBQs2YA2$bZzWJjmNCbNE/2zQcubAgca9LYS4lsq9zJvgsOJMTDI=','2020-09-16 16:26:00.453725',0,'Saliou','Serigne Saliou','Thiam','tsaliou728@gmail.com',0,1,'2020-09-16 16:25:36.864888'),(308,'pbkdf2_sha256$180000$bEV8E2SyFpWB$hIclIxElm2CWal4ZyYn1i4TE2ovKz4Een6NYL8WRnZc=','2020-09-18 15:02:58.172419',0,'Jay','Cheikh','gueye','dgcheikhgueye23@gmail.com',0,1,'2020-09-18 15:00:35.554562'),(309,'pbkdf2_sha256$180000$TRT3Y4R63aCr$qZzNao4zJ0//9f+HCWUsx2xHVUdng1pXiknkMg86iYE=','2020-09-18 15:21:46.743451',0,'MetDev','Mouhamet','Dieye','dieyemouhamet1@gmail.com',0,1,'2020-09-18 15:18:28.186638'),(310,'pbkdf2_sha256$180000$1sfiaowTL6LC$FiqVXQbPRUq6yIOCFrTZJmz/fxZD/MUA0Rrt8UxXLmw=','2020-09-18 19:33:35.385400',0,'Hadja','Hadja Awa','Sankhané','sankhaneadja14@gmail.com',0,1,'2020-09-18 19:33:19.592170'),(311,'pbkdf2_sha256$180000$wVJ7tuNuJ3vk$u8a+SwTOe+NfOnRl/nMv7BUpoM6ifnmPLEfIsZauoqI=','2020-09-18 21:10:42.062063',0,'Amadoulaminethiaw','Mame amadou lamine','Thiaw','amadoulaminethiaw@yahoo.fr',0,1,'2020-09-18 21:10:21.540061'),(312,'pbkdf2_sha256$180000$JfVbMQHhZdqP$XZkt8k9Rxzo85VPC3ep/B09Jlyf1pj02ojj2T54+cZo=','2020-09-18 22:40:08.863441',0,'Nelba','Banel','Bâ','banelba28@gmail.com',0,1,'2020-09-18 22:39:32.108100'),(313,'pbkdf2_sha256$180000$ZYvwuatX7vQh$suu3wZQ8nMIKtOfMUEThuIKYoZeHyV5N/Y2FlLGfzmA=','2020-09-18 22:52:30.147468',0,'S_M_Sy','Seydina','Sy','mouhamedsy.01@gmail.com',0,1,'2020-09-18 22:50:31.962363'),(314,'pbkdf2_sha256$180000$LyXMTYLWJd3I$/PuhDPI8DxhKPwBGITKomYl42l28+cL9I2gAmRrzD3c=','2020-09-19 15:48:37.859726',0,'_mlle_andy_','Absa','Ndiaye','nabsa2002@gmail.com',0,1,'2020-09-19 15:48:21.816498'),(315,'pbkdf2_sha256$180000$DdIFSXP1ghbK$gBdPCLdfccjMJz2/z1YmogbdsnFL62GDx8EdgCjkiQU=','2020-09-21 23:45:57.392802',0,'Muhammad','Muhammad','Ndiouck','bengibril2000@gmail.com',0,1,'2020-09-21 23:45:33.145919'),(316,'pbkdf2_sha256$180000$TwUFWlzoAg0v$2jxM5kAVMgrYWun1f7cOxX9fuOqD3/QTF/g1sRKxxJ8=','2020-09-22 14:23:11.227613',0,'Pierre','Pierre Ngor','Sene','spierrengor@gmail.com',0,1,'2020-09-22 14:22:50.896627'),(317,'pbkdf2_sha256$180000$C11L94hWBQ4a$2plYbDW7cy7ovjZIPw7XbmEHYtGKd/QK/ZL8nFAGREY=','2020-09-23 21:22:39.374360',0,'aziz','abdou aziz','diop','abdouazizd399@gmail.com',0,1,'2020-09-23 21:22:06.004527'),(318,'pbkdf2_sha256$180000$nZ2ahZewL291$QL7upjpIECRThfbsH6mxEUbO58FjYpckqEX75VRWiCM=','2020-09-24 14:00:22.179317',0,'kine','kine','bae','www.kinch@gmail.com',0,1,'2020-09-24 13:49:52.214021'),(319,'pbkdf2_sha256$180000$MIj5B2ZZ8Ht4$/g2RtMeEj/7zpp0+8XZhoS1C6bwkEzvSB+uSac++5QY=','2020-09-25 16:52:24.056779',0,'Bamba','Na','Fa','Senegal@gmail.com',0,1,'2020-09-25 16:48:11.779548'),(320,'pbkdf2_sha256$180000$ECO3Hd1y2T2x$hIsKXtT02vJF5uR5jbCTt29LQG2whyDp7PlPMAe5MxE=',NULL,0,'Omar','Cisse','Omar','cisseelomar@gmail.com',0,1,'2020-09-26 14:35:51.837271'),(321,'pbkdf2_sha256$180000$DiEPG2Sq0G1i$wOHF8B6c23pOsQ6fUzuYinWWbZqDygC3BY6fYqfSjLc=','2020-09-26 14:39:51.439712',0,'Omarcisse','omar','cisse','cisseelomar@gmail.com',0,1,'2020-09-26 14:38:41.264353'),(322,'pbkdf2_sha256$180000$nTey3yJBsJ0z$9uKFDR/H76e8pLi9SbIqhY1Y0bFi1dBRyRg5CsGiJK0=','2020-09-28 10:55:08.144834',0,'Idy','Idrissa','Gueye','idrissagueye66@gmail.com',0,1,'2020-09-28 10:54:46.051943'),(323,'pbkdf2_sha256$180000$Oggct4jdPyfp$6XOMRt3iFa8DqnQT8ue8quJNudODt2DK4TfMrWeWjnk=','2020-10-18 17:51:57.147404',0,'Seydinaomar','Seydina Omar','Dioum','dioumseydinaomar@gmail.com',0,1,'2020-09-28 20:14:52.030828'),(324,'pbkdf2_sha256$180000$k8TX8UEHk3Uf$J11xmLATKuI8pvGsiMFOntyXYsNzWBVLO8iM3LutH2A=',NULL,0,'Dior','Ibrahima','Dior','dioribou2000@gmail.com',0,1,'2020-10-07 12:01:43.443665'),(325,'pbkdf2_sha256$180000$DwIqUjMssPDE$zRpHQYgAp01CTpHd/uuu7H8EhUyX3TgEsQ5q4tQgKNs=',NULL,0,'Jean','Jean','Coly','jeankarino@gmail.com',0,1,'2020-10-07 18:09:53.232908'),(326,'pbkdf2_sha256$180000$GLKsuxq5PSaR$IoatsoSbXPcN0VdnBsC19ivxhs9zbThtZA3Sbbc3kdQ=',NULL,0,'Ndir','Fatine Jamillah','Ndir','fjamillah08@gmail.com',0,1,'2020-10-25 15:17:17.328751'),(327,'pbkdf2_sha256$180000$X02QUZnhG8iK$j1TAmhfxzSLaIXrmJl1kuJ/H+Or/OVU5u8fy1wAYA4w=','2020-10-25 15:19:00.559686',0,'Mill@h','Fatine Jamillah','Ndir','fjamillah08@gmail.com',0,1,'2020-10-25 15:18:41.728847'),(328,'pbkdf2_sha256$180000$kl0tT2Y3WFbl$YivQbjlCSy0+dFKU4wh5HLtcubqRpvweDHHZ/ds3lKU=','2020-11-10 17:56:27.719692',0,'@maths_psw','Papa','Wade','maths.psw@gmail.com',0,1,'2020-11-10 17:56:19.793336');
/*!40000 ALTER TABLE `auth_user` ENABLE KEYS */;
UNLOCK TABLES;

--
-- Table structure for table `auth_user_groups`
--

DROP TABLE IF EXISTS `auth_user_groups`;
/*!40101 SET @saved_cs_client     = @@character_set_client */;
/*!40101 SET character_set_client = utf8 */;
CREATE TABLE `auth_user_groups` (
  `id` int(11) NOT NULL AUTO_INCREMENT,
  `user_id` int(11) NOT NULL,
  `group_id` int(11) NOT NULL,
  PRIMARY KEY (`id`),
  UNIQUE KEY `auth_user_groups_user_id_group_id_94350c0c_uniq` (`user_id`,`group_id`),
  KEY `auth_user_groups_group_id_97559544_fk_auth_group_id` (`group_id`),
  CONSTRAINT `auth_user_groups_group_id_97559544_fk_auth_group_id` FOREIGN KEY (`group_id`) REFERENCES `auth_group` (`id`),
  CONSTRAINT `auth_user_groups_user_id_6a12ed8b_fk_auth_user_id` FOREIGN KEY (`user_id`) REFERENCES `auth_user` (`id`)
) ENGINE=InnoDB DEFAULT CHARSET=latin1;
/*!40101 SET character_set_client = @saved_cs_client */;

--
-- Dumping data for table `auth_user_groups`
--

LOCK TABLES `auth_user_groups` WRITE;
/*!40000 ALTER TABLE `auth_user_groups` DISABLE KEYS */;
/*!40000 ALTER TABLE `auth_user_groups` ENABLE KEYS */;
UNLOCK TABLES;

--
-- Table structure for table `auth_user_user_permissions`
--

DROP TABLE IF EXISTS `auth_user_user_permissions`;
/*!40101 SET @saved_cs_client     = @@character_set_client */;
/*!40101 SET character_set_client = utf8 */;
CREATE TABLE `auth_user_user_permissions` (
  `id` int(11) NOT NULL AUTO_INCREMENT,
  `user_id` int(11) NOT NULL,
  `permission_id` int(11) NOT NULL,
  PRIMARY KEY (`id`),
  UNIQUE KEY `auth_user_user_permissions_user_id_permission_id_14a6b632_uniq` (`user_id`,`permission_id`),
  KEY `auth_user_user_permi_permission_id_1fbb5f2c_fk_auth_perm` (`permission_id`),
  CONSTRAINT `auth_user_user_permi_permission_id_1fbb5f2c_fk_auth_perm` FOREIGN KEY (`permission_id`) REFERENCES `auth_permission` (`id`),
  CONSTRAINT `auth_user_user_permissions_user_id_a95ead1b_fk_auth_user_id` FOREIGN KEY (`user_id`) REFERENCES `auth_user` (`id`)
) ENGINE=InnoDB DEFAULT CHARSET=latin1;
/*!40101 SET character_set_client = @saved_cs_client */;

--
-- Dumping data for table `auth_user_user_permissions`
--

LOCK TABLES `auth_user_user_permissions` WRITE;
/*!40000 ALTER TABLE `auth_user_user_permissions` DISABLE KEYS */;
/*!40000 ALTER TABLE `auth_user_user_permissions` ENABLE KEYS */;
UNLOCK TABLES;

--
-- Table structure for table `django_admin_log`
--

DROP TABLE IF EXISTS `django_admin_log`;
/*!40101 SET @saved_cs_client     = @@character_set_client */;
/*!40101 SET character_set_client = utf8 */;
CREATE TABLE `django_admin_log` (
  `id` int(11) NOT NULL AUTO_INCREMENT,
  `action_time` datetime(6) NOT NULL,
  `object_id` longtext,
  `object_repr` varchar(200) NOT NULL,
  `action_flag` smallint(5) unsigned NOT NULL,
  `change_message` longtext NOT NULL,
  `content_type_id` int(11) DEFAULT NULL,
  `user_id` int(11) NOT NULL,
  PRIMARY KEY (`id`),
  KEY `django_admin_log_content_type_id_c4bce8eb_fk_django_co` (`content_type_id`),
  KEY `django_admin_log_user_id_c564eba6_fk_auth_user_id` (`user_id`),
  CONSTRAINT `django_admin_log_content_type_id_c4bce8eb_fk_django_co` FOREIGN KEY (`content_type_id`) REFERENCES `django_content_type` (`id`),
  CONSTRAINT `django_admin_log_user_id_c564eba6_fk_auth_user_id` FOREIGN KEY (`user_id`) REFERENCES `auth_user` (`id`)
) ENGINE=InnoDB AUTO_INCREMENT=125 DEFAULT CHARSET=latin1;
/*!40101 SET character_set_client = @saved_cs_client */;

--
-- Dumping data for table `django_admin_log`
--

LOCK TABLES `django_admin_log` WRITE;
/*!40000 ALTER TABLE `django_admin_log` DISABLE KEYS */;
INSERT INTO `django_admin_log` VALUES (1,'2020-08-20 23:29:09.404652','1','Niveau object (1)',1,'[{\"added\": {}}]',8,1),(2,'2020-08-20 23:29:39.935051','1','Limites Et Fonstions',1,'[{\"added\": {}}]',7,1),(3,'2020-08-20 23:31:02.226847','1','Support 1',1,'[{\"added\": {}}]',10,1),(4,'2020-08-20 23:33:19.540504','1','Thanks',1,'[{\"added\": {}}]',18,1),(5,'2020-08-20 23:33:29.960424','1','Fallou DIAKHATE',1,'[{\"added\": {}}]',20,1),(6,'2020-08-21 00:18:56.861048','1','Limites Et Fonstions',2,'[{\"changed\": {\"fields\": [\"Photo\"]}}]',7,1),(7,'2020-08-22 12:19:01.010792','1','Limites Et Fonstions',3,'',7,1),(8,'2020-08-22 12:33:05.709480','2','BAC 2019 MATHEMATIQUES',1,'[{\"added\": {}}]',7,1),(9,'2020-08-22 12:37:21.928238','2','CORRIGE-MATHS-S2-1er-gr-2019.pdf',1,'[{\"added\": {}}]',10,1),(10,'2020-08-22 12:39:41.037654','3','Corrigé-MATHS-S1S1AS3-GP-1-2019-ok.pdf',1,'[{\"added\": {}}]',10,1),(11,'2020-08-22 12:46:24.097263','3','BAC 2018 MATHEMATIQUES',1,'[{\"added\": {}}]',7,1),(12,'2020-08-22 12:47:39.070530','4','Maths-S1-2e-gr-2018.pdf',1,'[{\"added\": {}}]',10,1),(13,'2020-08-22 12:48:37.518294','5','Maths-S1S3-1er-gr-2018.pdf',1,'[{\"added\": {}}]',10,1),(14,'2020-08-22 12:49:07.938247','6','Maths-S2-2e-gr-2018.pdf',1,'[{\"added\": {}}]',10,1),(15,'2020-08-22 12:52:13.291448','4','BAC 2017 MATHEMATIQUES',1,'[{\"added\": {}}]',7,1),(16,'2020-08-22 12:53:28.057873','7','s1_math2017.pdf',1,'[{\"added\": {}}]',10,1),(17,'2020-08-22 12:54:06.458243','8','s2_math2017.pdf',1,'[{\"added\": {}}]',10,1),(18,'2020-08-22 12:56:45.891666','5','BAC 2016 MATHEMATIQUES',1,'[{\"added\": {}}]',7,1),(19,'2020-08-22 12:57:44.223012','9','s1_math2016.pdf',1,'[{\"added\": {}}]',10,1),(20,'2020-08-22 12:58:22.000131','10','s2_math_c2016.pdf',1,'[{\"added\": {}}]',10,1),(21,'2020-08-22 13:00:17.104880','6','BAC 2015 MATHEMATIQUES',1,'[{\"added\": {}}]',7,1),(22,'2020-08-22 13:01:18.206859','11','g_cmath2015.pdf',1,'[{\"added\": {}}]',10,1),(23,'2020-08-22 13:01:46.454987','12','s1_math2015.pdf',1,'[{\"added\": {}}]',10,1),(24,'2020-08-22 13:02:31.570477','13','s2_math2015.pdf',1,'[{\"added\": {}}]',10,1),(25,'2020-08-22 13:03:04.710461','14','t1_math2015.pdf',1,'[{\"added\": {}}]',10,1),(26,'2020-08-22 13:05:47.592170','7','BAC 2014 MATHEMATIQUES',1,'[{\"added\": {}}]',7,1),(27,'2020-08-22 13:08:56.539553','8','BAC 2013 MATHEMATIQUES',1,'[{\"added\": {}}]',7,1),(28,'2020-08-22 13:09:42.713149','15','s1_math2013.pdf',1,'[{\"added\": {}}]',10,1),(29,'2020-08-22 13:10:19.114472','16','s1_math2013-2egr.pdf',1,'[{\"added\": {}}]',10,1),(30,'2020-08-22 13:13:10.159977','9','BAC 2012 MATHEMATIQUES',1,'[{\"added\": {}}]',7,1),(31,'2020-08-22 13:13:59.332895','17','s1_math2012.pdf',1,'[{\"added\": {}}]',10,1),(32,'2020-08-22 13:14:26.853260','18','s1_math_c2012.pdf',1,'[{\"added\": {}}]',10,1),(33,'2020-08-22 13:14:57.939794','19','s2_math2012-2egr.pdf',1,'[{\"added\": {}}]',10,1),(34,'2020-08-22 13:17:09.247026','10','BAC 2011 MATHEMATIQUES',1,'[{\"added\": {}}]',7,1),(35,'2020-08-22 13:18:14.846998','20','s1_math2011.pdf',1,'[{\"added\": {}}]',10,1),(36,'2020-08-22 13:18:47.479265','21','s2_math2011.pdf',1,'[{\"added\": {}}]',10,1),(37,'2020-08-22 13:19:21.625871','22','s_math2011.pdf',1,'[{\"added\": {}}]',10,1),(38,'2020-08-22 13:21:21.568364','11','BAC 2010 MATHEMATIQUES',1,'[{\"added\": {}}]',7,1),(39,'2020-08-22 13:22:10.234069','23','g_mathc2010.pdf',1,'[{\"added\": {}}]',10,1),(40,'2020-08-22 13:22:36.787524','24','s2_math2010.pdf',1,'[{\"added\": {}}]',10,1),(41,'2020-08-22 15:27:09.461595','12','BAC 2019 SCIENCES PHYSIQUES',1,'[{\"added\": {}}]',7,1),(42,'2020-08-22 15:31:01.046761','25','Sciences-Physiques-S-2e-gr-2019.pdf',1,'[{\"added\": {}}]',10,1),(43,'2020-08-22 15:43:55.834609','13','BAC 2019 SVT',1,'[{\"added\": {}}]',7,1),(44,'2020-08-22 15:46:04.000242','26','SVT-S2-2E-GR-2019.pdf',1,'[{\"added\": {}}]',10,1),(45,'2020-08-22 15:47:53.962607','14','BAC 2018 SVT',1,'[{\"added\": {}}]',7,1),(46,'2020-08-22 15:54:35.403832','27','Enoncé-SVT-L2-1er-gr-2014.pdf',1,'[{\"added\": {}}]',10,1),(47,'2020-08-22 15:57:57.211089','28','SVT-L2-1er-gr-2018.pdf',1,'[{\"added\": {}}]',10,1),(48,'2020-08-22 16:40:34.384550','28','SVT-S1-1er-gr-2018.pdf',2,'[{\"changed\": {\"fields\": [\"Nom\", \"Fichier\"]}}]',10,1),(49,'2020-08-22 16:41:53.074598','27','SVT-S1-2e-gr-2018.pdf',2,'[{\"changed\": {\"fields\": [\"Nom\", \"Fichier\"]}}]',10,1),(50,'2020-08-22 16:42:28.833115','14','BAC 2018 SVT',2,'[{\"changed\": {\"fields\": [\"Description\"]}}]',7,1),(51,'2020-08-22 16:44:59.694892','29','SVT-S2-1er-gr-2018.pdf',1,'[{\"added\": {}}]',10,1),(52,'2020-08-22 16:45:37.763711','30','SVT-S2-2e-gr-2018.pdf',1,'[{\"added\": {}}]',10,1),(53,'2020-08-22 16:48:09.928180','15','BAC 2012 SVT',1,'[{\"added\": {}}]',7,1),(54,'2020-08-22 16:50:25.143368','31','s1_svt2012.pdf',1,'[{\"added\": {}}]',10,1),(55,'2020-08-22 16:50:51.228278','32','s2_svt2012.pdf',1,'[{\"added\": {}}]',10,1),(56,'2020-08-26 00:21:22.950443','2','Niveau object (2)',1,'[{\"added\": {}}]',8,1),(57,'2020-08-26 00:21:48.635061','3','Niveau object (3)',1,'[{\"added\": {}}]',8,1),(58,'2020-08-26 00:28:49.390066','16','BAC 2019 FRANÇAIS',1,'[{\"added\": {}}]',7,1),(59,'2020-08-26 00:31:00.725415','33','Grille-commentaire-composé-FR-L-GP1-2019.pdf',1,'[{\"added\": {}}]',10,1),(60,'2020-08-26 00:31:30.143474','34','Grille-commentaire-suivi-FR-L-GP1-2019.pdf',1,'[{\"added\": {}}]',10,1),(61,'2020-08-26 00:32:00.293307','35','grille-dévaluation-du-résumé-FR-L-GP1-2019.pdf',1,'[{\"added\": {}}]',10,1),(62,'2020-08-26 00:32:27.137216','36','Grille-dissertation-littéraire-FR-L-GP1-2019.pdf',1,'[{\"added\": {}}]',10,1),(63,'2020-08-26 00:33:39.412328','17','BAC 2018 FRANÇAIS',1,'[{\"added\": {}}]',7,1),(64,'2020-08-26 00:36:17.465691','37','Français-LA-1er-gr-2018.pdf',1,'[{\"added\": {}}]',10,1),(65,'2020-08-26 00:36:48.446264','38','Francais-lv1-l-ar.pdf',1,'[{\"added\": {}}]',10,1),(66,'2020-08-26 00:39:06.836548','18','BAC 2016 FRANÇAIS',1,'[{\"added\": {}}]',7,1),(67,'2020-08-26 00:39:51.098246','39','l_francais2016.pdf',1,'[{\"added\": {}}]',10,1),(68,'2020-08-26 00:41:04.775446','19','BAC 2015 FRANÇAIS',1,'[{\"added\": {}}]',7,1),(69,'2020-08-26 00:41:48.306850','40','l_francais2015.pdf',1,'[{\"added\": {}}]',10,1),(70,'2020-08-26 00:42:55.023957','20','BAC 2014 FRANÇAIS',1,'[{\"added\": {}}]',7,1),(71,'2020-08-26 00:45:07.819671','41','Enoncé-Français-L-1er-gr-2014.pdf',1,'[{\"added\": {}}]',10,1),(72,'2020-08-26 00:45:39.177275','42','Enoncé-Français-LAR-LV1-2e-gr-2014.pdf',1,'[{\"added\": {}}]',10,1),(73,'2020-08-26 00:46:38.687124','21','BAC 2013 FRANÇAIS',1,'[{\"added\": {}}]',7,1),(74,'2020-08-26 00:47:44.771537','43','l_francais2013.pdf',1,'[{\"added\": {}}]',10,1),(75,'2020-08-26 00:48:08.072784','44','l_francais2013-2egr.pdf',1,'[{\"added\": {}}]',10,1),(76,'2020-08-26 00:49:17.493203','22','BAC 2012 FRANÇAIS',1,'[{\"added\": {}}]',7,1),(77,'2020-08-26 00:50:00.174968','45','l_francais2012.pdf',1,'[{\"added\": {}}]',10,1),(78,'2020-08-26 00:51:05.244481','23','BAC 2011 FRANÇAIS',1,'[{\"added\": {}}]',7,1),(79,'2020-08-26 00:51:42.835016','46','l_francais2011.pdf',1,'[{\"added\": {}}]',10,1),(80,'2020-08-26 10:18:58.964979','1','Moussa Fall',2,'[{\"changed\": {\"fields\": [\"Author name\", \"Title\", \"Content\"]}}]',20,1),(81,'2020-08-26 10:20:42.526576','2','ISSA SALL',1,'[{\"added\": {}}]',20,1),(82,'2020-08-27 18:52:14.719764','20','BAC 2014 FRANÇAIS',2,'[{\"changed\": {\"fields\": [\"Niveau\"]}}]',7,1),(83,'2020-08-27 19:43:25.591477','2','ISSA SALL',2,'[{\"changed\": {\"fields\": [\"Title\", \"Content\"]}}]',20,1),(84,'2020-08-27 19:49:35.144628','2','ISSA SALL',2,'[{\"changed\": {\"fields\": [\"Photo\"]}}]',20,1),(85,'2020-08-27 19:51:39.349432','2','ISSA SALL',2,'[{\"changed\": {\"fields\": [\"Photo\"]}}]',20,1),(86,'2020-08-27 19:53:27.713403','1','Moussa Fall',2,'[{\"changed\": {\"fields\": [\"Title\", \"Content\", \"Photo\"]}}]',20,1),(87,'2020-08-28 00:46:12.358737','2','Mouhamed Massal GUEYE',2,'[{\"changed\": {\"fields\": [\"Author name\", \"Author desc\"]}}]',20,1),(88,'2020-08-28 00:46:52.340871','1','Mohamed Massal GUEYE',2,'[{\"changed\": {\"fields\": [\"Author name\", \"Author desc\", \"Photo\"]}}]',20,1),(89,'2020-08-28 00:49:20.265328','1','Demain, dès l\'aube',1,'[{\"added\": {}}]',17,1),(90,'2020-08-28 00:52:48.485700','7','modoufall',3,'',21,1),(91,'2020-08-28 00:52:48.493148','6','ablayesene',3,'',21,1),(92,'2020-08-28 00:52:48.497281','5','alioufall',3,'',21,1),(93,'2020-08-28 00:52:48.502878','4','khadimciss',3,'',21,1),(94,'2020-08-28 00:52:48.504788','3','malickdiouf',3,'',21,1),(95,'2020-08-28 00:52:48.508653','2','malickdiouf',3,'',21,1),(96,'2020-08-28 00:52:48.512605','1','malickdiouf',3,'',21,1),(97,'2020-08-28 00:55:58.547666','1','Demain, dès l\'aube',2,'[]',17,1),(98,'2020-08-28 00:58:03.822970','2','ffff',1,'[{\"added\": {}}]',17,1),(99,'2020-08-28 00:59:23.321383','2','ffff',3,'',17,1),(100,'2020-08-28 00:59:23.325800','1','Demain, dès l\'aube',3,'',17,1),(101,'2020-08-28 01:00:11.193962','3','JOAL',1,'[{\"added\": {}}]',17,1),(102,'2020-08-28 01:02:11.839078','3','JOAL',2,'[{\"changed\": {\"fields\": [\"Contenu\"]}}]',17,1),(103,'2020-08-28 01:04:38.075843','3','LES ELITES SENEGALAISES',2,'[{\"changed\": {\"fields\": [\"Titre\", \"Contenu\", \"Author name\", \"Author desc\"]}}]',17,1),(104,'2020-08-28 01:09:20.833876','24','BAC 2019 FRANÇAIS',1,'[{\"added\": {}}]',7,1),(105,'2020-08-28 01:11:34.495895','47','Grille-commentaire-composé-FR-S-1er-2019.pdf',1,'[{\"added\": {}}]',10,1),(106,'2020-08-28 01:12:03.639281','48','Grille-commentaire-suivi-stabilisée-plus.pdf',1,'[{\"added\": {}}]',10,1),(107,'2020-08-28 01:12:33.188200','49','grille-dévaluation-du-résumé-stabilisée-plus.pdf',1,'[{\"added\": {}}]',10,1),(108,'2020-08-28 01:13:42.510583','50','Grille-dissertation-littéraire-FR-S-1er-2019.pdf',1,'[{\"added\": {}}]',10,1),(109,'2020-08-28 01:15:21.169893','25','BAC 2018 FRANÇAIS',1,'[{\"added\": {}}]',7,1),(110,'2020-08-28 01:16:11.791394','51','Français-S-1er-gr-2018.pdf',1,'[{\"added\": {}}]',10,1),(111,'2020-08-28 01:17:23.001077','26','BAC 2017 FRANÇAIS',1,'[{\"added\": {}}]',7,1),(112,'2020-08-28 01:18:02.801652','26','BAC 2016 FRANÇAIS',2,'[{\"changed\": {\"fields\": [\"Titre\", \"Description\", \"Photo\"]}}]',7,1),(113,'2020-08-28 01:18:41.717610','52','l_francais2016.pdf',1,'[{\"added\": {}}]',10,1),(114,'2020-08-28 01:19:33.494748','27','BAC 2015 FRANÇAIS',1,'[{\"added\": {}}]',7,1),(115,'2020-08-28 01:20:23.173814','53','l_francais2015.pdf',1,'[{\"added\": {}}]',10,1),(116,'2020-08-28 01:23:43.100685','1','Mohamed Massal GUEYE',2,'[{\"changed\": {\"fields\": [\"Title\"]}}]',20,1),(117,'2020-08-28 01:26:35.375986','2','Mouhamed Massal GUEYE',2,'[{\"changed\": {\"fields\": [\"Title\"]}}]',20,1),(118,'2020-08-28 01:27:06.448377','2','Mouhamed Massal GUEYE',2,'[{\"changed\": {\"fields\": [\"Title\"]}}]',20,1),(119,'2020-08-28 01:37:18.867733','28','BAC 2014 FRANÇAIS',1,'[{\"added\": {}}]',7,1),(120,'2020-08-28 01:39:22.937762','54','Enoncé-Français-S-1er-gr-2014.pdf',1,'[{\"added\": {}}]',10,1),(121,'2020-08-28 01:46:55.250496','29','BAC 2019 HG',1,'[{\"added\": {}}]',7,1),(122,'2020-08-28 01:47:44.543164','55','Grille-Bac-HG-1er-gr-2019-1-1.pdf',1,'[{\"added\": {}}]',10,1),(123,'2020-08-29 01:13:32.392293','55','massal',1,'[{\"added\": {}}]',4,16),(124,'2020-08-29 01:14:56.009074','55','massal',2,'[{\"changed\": {\"fields\": [\"First name\", \"Last name\", \"Email address\"]}}]',4,16);
/*!40000 ALTER TABLE `django_admin_log` ENABLE KEYS */;
UNLOCK TABLES;

--
-- Table structure for table `django_content_type`
--

DROP TABLE IF EXISTS `django_content_type`;
/*!40101 SET @saved_cs_client     = @@character_set_client */;
/*!40101 SET character_set_client = utf8 */;
CREATE TABLE `django_content_type` (
  `id` int(11) NOT NULL AUTO_INCREMENT,
  `app_label` varchar(100) NOT NULL,
  `model` varchar(100) NOT NULL,
  PRIMARY KEY (`id`),
  UNIQUE KEY `django_content_type_app_label_model_76bd3d3b_uniq` (`app_label`,`model`)
) ENGINE=InnoDB AUTO_INCREMENT=22 DEFAULT CHARSET=latin1;
/*!40101 SET character_set_client = @saved_cs_client */;

--
-- Dumping data for table `django_content_type`
--

LOCK TABLES `django_content_type` WRITE;
/*!40000 ALTER TABLE `django_content_type` DISABLE KEYS */;
INSERT INTO `django_content_type` VALUES (1,'admin','logentry'),(3,'auth','group'),(2,'auth','permission'),(4,'auth','user'),(21,'Blog_Forum','comments'),(16,'Blog_Forum','message'),(17,'Blog_Forum','poeme'),(20,'Blog_Forum','post'),(19,'Blog_Forum','reponse'),(18,'Blog_Forum','tag'),(5,'contenttypes','contenttype'),(7,'Cours','cours'),(11,'Cours','coursfeedback'),(10,'Cours','documents_cours'),(9,'Cours','membre_cours'),(8,'Cours','niveau'),(12,'Membre','membre'),(6,'sessions','session'),(13,'Visiteur','annonces'),(15,'Visiteur','documents'),(14,'Visiteur','newsletter');
/*!40000 ALTER TABLE `django_content_type` ENABLE KEYS */;
UNLOCK TABLES;

--
-- Table structure for table `django_migrations`
--

DROP TABLE IF EXISTS `django_migrations`;
/*!40101 SET @saved_cs_client     = @@character_set_client */;
/*!40101 SET character_set_client = utf8 */;
CREATE TABLE `django_migrations` (
  `id` int(11) NOT NULL AUTO_INCREMENT,
  `app` varchar(255) NOT NULL,
  `name` varchar(255) NOT NULL,
  `applied` datetime(6) NOT NULL,
  PRIMARY KEY (`id`)
) ENGINE=InnoDB AUTO_INCREMENT=22 DEFAULT CHARSET=latin1;
/*!40101 SET character_set_client = @saved_cs_client */;

--
-- Dumping data for table `django_migrations`
--

LOCK TABLES `django_migrations` WRITE;
/*!40000 ALTER TABLE `django_migrations` DISABLE KEYS */;
INSERT INTO `django_migrations` VALUES (1,'contenttypes','0001_initial','2020-08-20 23:11:28.469194'),(2,'auth','0001_initial','2020-08-20 23:11:28.626605'),(3,'Blog_Forum','0001_initial','2020-08-20 23:11:29.264275'),(4,'Membre','0001_initial','2020-08-20 23:11:30.866733'),(5,'Cours','0001_initial','2020-08-20 23:11:31.194177'),(6,'Visiteur','0001_initial','2020-08-20 23:11:31.626874'),(7,'admin','0001_initial','2020-08-20 23:11:31.713215'),(8,'admin','0002_logentry_remove_auto_add','2020-08-20 23:11:31.811347'),(9,'admin','0003_logentry_add_action_flag_choices','2020-08-20 23:11:31.831217'),(10,'contenttypes','0002_remove_content_type_name','2020-08-20 23:11:31.935911'),(11,'auth','0002_alter_permission_name_max_length','2020-08-20 23:11:31.951863'),(12,'auth','0003_alter_user_email_max_length','2020-08-20 23:11:32.013919'),(13,'auth','0004_alter_user_username_opts','2020-08-20 23:11:32.033039'),(14,'auth','0005_alter_user_last_login_null','2020-08-20 23:11:32.088137'),(15,'auth','0006_require_contenttypes_0002','2020-08-20 23:11:32.092970'),(16,'auth','0007_alter_validators_add_error_messages','2020-08-20 23:11:32.112491'),(17,'auth','0008_alter_user_username_max_length','2020-08-20 23:11:32.139743'),(18,'auth','0009_alter_user_last_name_max_length','2020-08-20 23:11:32.166297'),(19,'auth','0010_alter_group_name_max_length','2020-08-20 23:11:32.186035'),(20,'auth','0011_update_proxy_permissions','2020-08-20 23:11:32.212345'),(21,'sessions','0001_initial','2020-08-20 23:11:32.243904');
/*!40000 ALTER TABLE `django_migrations` ENABLE KEYS */;
UNLOCK TABLES;

--
-- Table structure for table `django_session`
--

DROP TABLE IF EXISTS `django_session`;
/*!40101 SET @saved_cs_client     = @@character_set_client */;
/*!40101 SET character_set_client = utf8 */;
CREATE TABLE `django_session` (
  `session_key` varchar(40) NOT NULL,
  `session_data` longtext NOT NULL,
  `expire_date` datetime(6) NOT NULL,
  PRIMARY KEY (`session_key`),
  KEY `django_session_expire_date_a5c62663` (`expire_date`)
) ENGINE=InnoDB DEFAULT CHARSET=latin1;
/*!40101 SET character_set_client = @saved_cs_client */;

--
-- Dumping data for table `django_session`
--

LOCK TABLES `django_session` WRITE;
/*!40000 ALTER TABLE `django_session` DISABLE KEYS */;
INSERT INTO `django_session` VALUES ('00fmsqvas4exbng53zb78dpvt1owy7cj','MTU5OGQyNDcyMjQ0NDhmNjk2MGQ0NTk0YTIzMDFkMmFhMDM4MWY1ZDp7Il9hdXRoX3VzZXJfaWQiOiIxMjEiLCJfYXV0aF91c2VyX2JhY2tlbmQiOiJkamFuZ28uY29udHJpYi5hdXRoLmJhY2tlbmRzLk1vZGVsQmFja2VuZCIsIl9hdXRoX3VzZXJfaGFzaCI6IjE4YzU2MjYwNmJmZTFmZjdkZTg1MTMxOGNjOGNhZmQ0OTNlOGYyYTUifQ==','2020-09-12 21:43:51.735720'),('03vzd662vo6nnxymm9x5sj26kcgqbu1m','ZWI3M2E2NTM2MTY5YWNkNjljMGU1Y2IxNTAxNjNiZGFmNmNhZTNlMzp7Il9hdXRoX3VzZXJfaWQiOiIyMDMiLCJfYXV0aF91c2VyX2JhY2tlbmQiOiJkamFuZ28uY29udHJpYi5hdXRoLmJhY2tlbmRzLk1vZGVsQmFja2VuZCIsIl9hdXRoX3VzZXJfaGFzaCI6IjIxNDhjOGMzYTk2MzM5ODg1YWFkMzE5YWI5ZTA0OGRmOGZkZTczNjcifQ==','2020-09-14 17:30:33.914666'),('07nd58mpw6ep71tm1qphrypplfg9bkye','NDYwOTNiNDAwODQwMzQ1YjA0ODIwNWJmZjcyM2EyNDg1OWZiOTYwMDp7Il9hdXRoX3VzZXJfaWQiOiIzMTYiLCJfYXV0aF91c2VyX2JhY2tlbmQiOiJkamFuZ28uY29udHJpYi5hdXRoLmJhY2tlbmRzLk1vZGVsQmFja2VuZCIsIl9hdXRoX3VzZXJfaGFzaCI6IjUwOWEzYTExNDllZGUxOTdhZjg2MmU3MGZiNDZmOTI0OGVlMTZhYzMifQ==','2020-10-06 14:23:11.232364'),('0ipp9omqkq9ihg0292d99nb7z0m6jtlz','ZWUyOTQwNDUzNDE0MWI0MWZiMWU0NWY3MjUzNjA1ZWY2ZTViZGMyMDp7Il9hdXRoX3VzZXJfaWQiOiIxNjgiLCJfYXV0aF91c2VyX2JhY2tlbmQiOiJkamFuZ28uY29udHJpYi5hdXRoLmJhY2tlbmRzLk1vZGVsQmFja2VuZCIsIl9hdXRoX3VzZXJfaGFzaCI6IjJkNTQxZjRjOTEzNDU2YmY4ZjFiYmUwNjFkYWRjYTQ0MTYzNWRhMzYifQ==','2020-09-13 20:50:02.351306'),('0is2304a4ry5ai86y4iifl7giqykr4wd','NGIwN2M4YTdiYWVlYmFhMjRiY2NjM2NlYmFlNTQ4ZTkzZjhiNGM5ODp7Il9hdXRoX3VzZXJfaWQiOiIxIiwiX2F1dGhfdXNlcl9iYWNrZW5kIjoiZGphbmdvLmNvbnRyaWIuYXV0aC5iYWNrZW5kcy5Nb2RlbEJhY2tlbmQiLCJfYXV0aF91c2VyX2hhc2giOiI5YzMxNWRlMDZhMWZmNjZhNzljOGUyOTg3YmZkOWIyNmI0ZjYxNWYxIn0=','2020-10-25 01:29:30.084134'),('0k9zb5y8rus2jelau2pq1voe96ikp8x8','MzA0YjM2YmJjZTE1MjA5ZDAyODg2MzUzMjA2OGIwY2RlMjBhZGEwZTp7Il9hdXRoX3VzZXJfaWQiOiIxNTAiLCJfYXV0aF91c2VyX2JhY2tlbmQiOiJkamFuZ28uY29udHJpYi5hdXRoLmJhY2tlbmRzLk1vZGVsQmFja2VuZCIsIl9hdXRoX3VzZXJfaGFzaCI6ImFiYTAzY2VlYmE1MTI5ZTc4NzU5ZjdiMDQ3NWZhZjc4Y2YyYTI4NjQifQ==','2020-09-13 17:54:30.847140'),('0qarojrqi7uczsxud6ra7bm018jzrlqz','MzBhYzZmODY2Yzc5NTFiMjZhOTVhN2NlZDZiMjk5MzBmYzJlYTIxODp7Il9hdXRoX3VzZXJfaWQiOiIzIiwiX2F1dGhfdXNlcl9iYWNrZW5kIjoiZGphbmdvLmNvbnRyaWIuYXV0aC5iYWNrZW5kcy5Nb2RlbEJhY2tlbmQiLCJfYXV0aF91c2VyX2hhc2giOiJiNDZiYzMxZmY2Yjg1OTZjOWJiYmIyYTkxMjc4NzFiOGJmOWQ0YTk5In0=','2020-09-06 11:51:28.688938'),('0xdc20p3kt8mzngmuohmh21vgjd0tmsy','ZDY0NzExZDQ1YzE2NTZiNDY5OGQ5NTM3MWQ2ZDk1YTgwOTZmM2FmMjp7Il9hdXRoX3VzZXJfaWQiOiIyMDYiLCJfYXV0aF91c2VyX2JhY2tlbmQiOiJkamFuZ28uY29udHJpYi5hdXRoLmJhY2tlbmRzLk1vZGVsQmFja2VuZCIsIl9hdXRoX3VzZXJfaGFzaCI6IjgzMGQ5NTc1N2JhMzkzZmI4YTI5YmQwZjA5NzIzMWE4NjIyMjEyNDAifQ==','2020-09-19 20:09:42.247506'),('121lsxv9ajdvz460lkjhfkj92ks2yciw','ZjU2ZDY1NGY1ZDQ3YjJlNzQ5ZWFjNjBkYTgxOTIyOTAwZDcyMjAzODp7Il9hdXRoX3VzZXJfaWQiOiIxNjYiLCJfYXV0aF91c2VyX2JhY2tlbmQiOiJkamFuZ28uY29udHJpYi5hdXRoLmJhY2tlbmRzLk1vZGVsQmFja2VuZCIsIl9hdXRoX3VzZXJfaGFzaCI6ImI1MmM3YmJlOTJiZmQwNDBjMmM4N2I5NGM3NzU3MmIyNDg0Zjc3MTAifQ==','2020-09-13 20:24:37.297992'),('14er8pmzo92y4rbse2y8pa19ifrqppax','MWQ1MDQzMDY5ZGJiMzUwMmQ0YzYwZWI1YzkzNjEwNzM2ZWRkMjA3Mzp7Il9hdXRoX3VzZXJfaWQiOiIxNDciLCJfYXV0aF91c2VyX2JhY2tlbmQiOiJkamFuZ28uY29udHJpYi5hdXRoLmJhY2tlbmRzLk1vZGVsQmFja2VuZCIsIl9hdXRoX3VzZXJfaGFzaCI6ImM1ZjczNzA1MjE0YThhNTQzYjk4YTVkNzExNDgyMTVlNDgyYTYzOTcifQ==','2020-09-14 17:06:33.076497'),('14iljb3d4xksvxbgv2jsypci2tyi93zm','Y2I5YWY1MjkwZDA4MmRkYWVkM2I2MWM1OTA0ODM1NTczNjk0MmYzMTp7Il9hdXRoX3VzZXJfaWQiOiIxNDYiLCJfYXV0aF91c2VyX2JhY2tlbmQiOiJkamFuZ28uY29udHJpYi5hdXRoLmJhY2tlbmRzLk1vZGVsQmFja2VuZCIsIl9hdXRoX3VzZXJfaGFzaCI6ImI2MWViMWVkODAzY2Y0OWU0Y2IyNGMyMTc2NDQ4YThkZDYyMWU1N2UifQ==','2020-09-13 17:17:10.276551'),('1c0xwvtq3znkpmn480byknc8digxv7pu','MDlhYjZlYTFmM2QwMTBkZGMyNWQ2NDViMDQ4NGM3ZTU4YTc2NTE2ODp7Il9hdXRoX3VzZXJfaWQiOiIyMDciLCJfYXV0aF91c2VyX2JhY2tlbmQiOiJkamFuZ28uY29udHJpYi5hdXRoLmJhY2tlbmRzLk1vZGVsQmFja2VuZCIsIl9hdXRoX3VzZXJfaGFzaCI6IjRlOTE1MjJkMWYyMDMxM2IyOWI3MTgzODBmMTFhYzg5ZDkwMDg1ZTAifQ==','2020-09-26 20:42:29.496179'),('1f1tc7kxkk363bkay500ub2qr8vjdnpm','MzVjNzA1NDNjZWIyMzU5MDEyOWRmYmJkOTI0ZTc5ODEwNTMzOGJiYTp7Il9hdXRoX3VzZXJfaWQiOiIxNzEiLCJfYXV0aF91c2VyX2JhY2tlbmQiOiJkamFuZ28uY29udHJpYi5hdXRoLmJhY2tlbmRzLk1vZGVsQmFja2VuZCIsIl9hdXRoX3VzZXJfaGFzaCI6ImZmNjgxMjU3NGY1MDE0NmNkNTU5ZGJjZDVmZGU2MWY2YmQ3YWNhYjMifQ==','2020-09-13 22:41:57.900084'),('1gcnjc4sdomb0htl82pn4emjydlcp0en','OTVkZjM2NmI2ODcyNWRhZTI1Y2Y5MDAzNjllZWM3ZDVmYzVjZGQxODp7Il9hdXRoX3VzZXJfaWQiOiIyNTgiLCJfYXV0aF91c2VyX2JhY2tlbmQiOiJkamFuZ28uY29udHJpYi5hdXRoLmJhY2tlbmRzLk1vZGVsQmFja2VuZCIsIl9hdXRoX3VzZXJfaGFzaCI6ImI3YjVmYTMyZTEwNmNlZTI3ZmMzZjg3MjJhN2MwN2M1NjNlNDM3NGUifQ==','2020-09-15 20:13:28.947415'),('1gi5i8n4jxll8ibrodp1mtv7m0nkdzom','YzIxOTk4YjgwMTgwMjg3ZDc3YzM1ODhmMjI4ODc3ZWJjNTAxMmM1Mjp7Il9hdXRoX3VzZXJfaWQiOiI4NyIsIl9hdXRoX3VzZXJfYmFja2VuZCI6ImRqYW5nby5jb250cmliLmF1dGguYmFja2VuZHMuTW9kZWxCYWNrZW5kIiwiX2F1dGhfdXNlcl9oYXNoIjoiN2M2NWU2YTY2Nzk2OWRmNzRlNTQwN2U4NDg3OTA5ZDRlMTA0MWIzNyJ9','2020-09-19 06:53:00.549908'),('1i7zdqjkoxtml4h7fxt87f0124yibuu7','YTkxN2NmZDJlZjFjNzVlZjg3YzU3ZjgxNDdlOTk4YWY4NWI3YzYxMzp7Il9hdXRoX3VzZXJfaWQiOiIyMzAiLCJfYXV0aF91c2VyX2JhY2tlbmQiOiJkamFuZ28uY29udHJpYi5hdXRoLmJhY2tlbmRzLk1vZGVsQmFja2VuZCIsIl9hdXRoX3VzZXJfaGFzaCI6IjVmOGZhMWY5MTFlMjk2M2I3YTMyNGUyYWEzY2FlMDAyODdmOWRiOTcifQ==','2020-09-16 00:55:53.735331'),('1i8ornusahpxjmtcrnzi0s4ocwobkz7i','OTNlMDcwYzE0ZDcwNzg3NDc1ZTNiNTYzZmU5ZGIzMGYyMjAwYjlkMjp7Il9hdXRoX3VzZXJfaWQiOiIyMDUiLCJfYXV0aF91c2VyX2JhY2tlbmQiOiJkamFuZ28uY29udHJpYi5hdXRoLmJhY2tlbmRzLk1vZGVsQmFja2VuZCIsIl9hdXRoX3VzZXJfaGFzaCI6IjBiNzA0OTZhNjFmOGFjMzJhMDg5M2ZjODQ5ZGM4YTI3NGI3ZDNhNzYifQ==','2020-09-14 17:50:32.282519'),('1ijv6duj8wna20s19ofv5213luvxcwba','NmIwZDU0MThkNTgxZjU2NDFhNTAzNmRjNmE4ZTliMmY5OWRhMDcxMjp7Il9hdXRoX3VzZXJfaWQiOiI2MyIsIl9hdXRoX3VzZXJfYmFja2VuZCI6ImRqYW5nby5jb250cmliLmF1dGguYmFja2VuZHMuTW9kZWxCYWNrZW5kIiwiX2F1dGhfdXNlcl9oYXNoIjoiOWE0YTZmNWQyY2Y1ZjA1YmU2NmJjZTBkZmU4M2I2NzA1NWI4NTgzMyJ9','2020-09-12 07:11:00.593662'),('1iluu25a74skeyf23ugd1fm5teru7h7v','MjkzZDg3NmE2N2Q4YjFkZWU4YmQ0MTFkMzEzOTZiZmI3Y2Q4Y2FjMDp7Il9hdXRoX3VzZXJfaWQiOiIxODQiLCJfYXV0aF91c2VyX2JhY2tlbmQiOiJkamFuZ28uY29udHJpYi5hdXRoLmJhY2tlbmRzLk1vZGVsQmFja2VuZCIsIl9hdXRoX3VzZXJfaGFzaCI6ImRkYjdlYWM2OGJiZGMzMzAwNGQ4MmVkNmFmMzg0NGIzYTYwNThlOWEifQ==','2020-09-14 08:15:08.515037'),('1ldmmt169oarv7yumvv4w04ax6g0scrr','ODdhNWMwNTUxNDcwN2FkYzg4OWZhYzE1N2Q0NGExYThlYzg1M2M4Mzp7Il9hdXRoX3VzZXJfaWQiOiIyNDciLCJfYXV0aF91c2VyX2JhY2tlbmQiOiJkamFuZ28uY29udHJpYi5hdXRoLmJhY2tlbmRzLk1vZGVsQmFja2VuZCIsIl9hdXRoX3VzZXJfaGFzaCI6IjI3Nzg1MGM1OTcxZjljMmJmMjdiZGE1YThlYWM1NTEyZDljZWE3N2UifQ==','2020-09-15 16:01:34.469420'),('1nm86fwcfo521yxu149zjcbpma6ieogb','NGM1ZTJlZWY0M2M1ZjE1NzQ0MTQ0ZTY5MTA5MTQzYjk1MDJlMWM2MTp7Il9hdXRoX3VzZXJfaWQiOiIyMzYiLCJfYXV0aF91c2VyX2JhY2tlbmQiOiJkamFuZ28uY29udHJpYi5hdXRoLmJhY2tlbmRzLk1vZGVsQmFja2VuZCIsIl9hdXRoX3VzZXJfaGFzaCI6IjVjYjgxMjE1M2E2MTRiODRlNTRjNjdiZjE4NTNmMGM1ZmJhZGJlM2UifQ==','2020-09-15 10:16:56.289912'),('1x78oimbt2x85yl7zagjrietxnpmvez4','ZDMwZmFlZjIzNWRmNDZiYjk0NDU5NjcxYjIyZTNhMmNiNTZjYzk2NTp7Il9hdXRoX3VzZXJfaWQiOiIxMzYiLCJfYXV0aF91c2VyX2JhY2tlbmQiOiJkamFuZ28uY29udHJpYi5hdXRoLmJhY2tlbmRzLk1vZGVsQmFja2VuZCIsIl9hdXRoX3VzZXJfaGFzaCI6IjY3NWQ2NTUzYWEzZjQ4OTIzY2RlNWRlMzAxNWE4YjhlNWM5MWU1ODgifQ==','2020-09-13 11:39:20.178315'),('2e5kcm2co8ti15nt7m9y6bulmtaydi2p','MjI3MjQ3ZTk4YWYyNWQyOTFmYmE2MzUwMGI5OWFhYmRkYzA5MTUwOTp7Il9hdXRoX3VzZXJfaWQiOiI3OSIsIl9hdXRoX3VzZXJfYmFja2VuZCI6ImRqYW5nby5jb250cmliLmF1dGguYmFja2VuZHMuTW9kZWxCYWNrZW5kIiwiX2F1dGhfdXNlcl9oYXNoIjoiNzMzNDVlMGM0YTE0YTg3OTQwYjMxNzc1MWIxODFmYTdjMTIzMDhkYSJ9','2020-09-12 13:03:00.377343'),('2hojqjxu63c01vl5fkxgfoxazobf690y','ODZhYTliOWNjYTY5ZjQ3NTc5MmU1NjViMDBkMjFhMzJiMmJjMGIzZTp7Il9hdXRoX3VzZXJfaWQiOiIyNzIiLCJfYXV0aF91c2VyX2JhY2tlbmQiOiJkamFuZ28uY29udHJpYi5hdXRoLmJhY2tlbmRzLk1vZGVsQmFja2VuZCIsIl9hdXRoX3VzZXJfaGFzaCI6IjNjYjYyNGY0ZjEyYTM0Y2YwYjdkYjY3YzE0ZjVlZTEwMWU2ZTc2NmQifQ==','2020-09-18 14:15:53.540686'),('2hr0x1fi5tev4eljll1dher3igfte3er','Y2E2NWI5MjY3M2VkODRiYzVhYTExNjc4MmU5NGM4OGEwMDdhMDQwYTp7Il9hdXRoX3VzZXJfaWQiOiIxMDQiLCJfYXV0aF91c2VyX2JhY2tlbmQiOiJkamFuZ28uY29udHJpYi5hdXRoLmJhY2tlbmRzLk1vZGVsQmFja2VuZCIsIl9hdXRoX3VzZXJfaGFzaCI6ImIyZjNjN2ZiMDU3MmQxODYzMDI5YjUyNjc4Y2MzZmRlZmI2MTI4MjcifQ==','2020-09-12 17:05:50.986657'),('2j2cord3j2o1rq5tb2f56qlbfw75bfe6','NDE5MTdiNjZkZGYzNmEyY2RiNWQ5MzQzYWZlZGU1YmYwYmY5NzM5Nzp7Il9hdXRoX3VzZXJfaWQiOiIyNDAiLCJfYXV0aF91c2VyX2JhY2tlbmQiOiJkamFuZ28uY29udHJpYi5hdXRoLmJhY2tlbmRzLk1vZGVsQmFja2VuZCIsIl9hdXRoX3VzZXJfaGFzaCI6IjI3Y2EwM2IwNGM0YjQ0MjEzNzYwNTI3ZjdhNzY2ZmQyZThjZTRlODUifQ==','2020-09-15 11:19:41.836584'),('2my4gntfzekfotave6ap8w2adecffg0u','Y2NhYWVjMzFlZWMzNmJiYmU3NGFkZDgxYTYyZjM3MWRhZTk2M2EzMjp7Il9hdXRoX3VzZXJfaWQiOiIyNjkiLCJfYXV0aF91c2VyX2JhY2tlbmQiOiJkamFuZ28uY29udHJpYi5hdXRoLmJhY2tlbmRzLk1vZGVsQmFja2VuZCIsIl9hdXRoX3VzZXJfaGFzaCI6IjU3NjFmMDc1ZDkzMDcxN2E5MTIxODhjYWRlNzdkNTY2ODBkMjZiNGIifQ==','2020-09-18 03:34:42.250461'),('2ojfq3rfhrlhai7qzbmr4nl5n5oe39lg','NmViZTQ0MDY2ZWJjZGFmNDE3MjM1ZWE2YWZmNWEzMDE1ZTlkMzEzOTp7Il9hdXRoX3VzZXJfaWQiOiIxMzgiLCJfYXV0aF91c2VyX2JhY2tlbmQiOiJkamFuZ28uY29udHJpYi5hdXRoLmJhY2tlbmRzLk1vZGVsQmFja2VuZCIsIl9hdXRoX3VzZXJfaGFzaCI6IjFlM2NmM2Y2OTcyZjZlMmE0NjI0ZjQyYThmZGJlY2RlZGViNjk2MzIifQ==','2020-09-13 12:48:25.422896'),('2w8vgabv13jde6ha0pj9dqu5ke4r9n2l','YmQxZjIyOTM4Zjg3Y2U3MjA3OWJkYjU4YjU0ZDcxYjk4Yzg5MmRhMDp7Il9hdXRoX3VzZXJfaWQiOiIzMTciLCJfYXV0aF91c2VyX2JhY2tlbmQiOiJkamFuZ28uY29udHJpYi5hdXRoLmJhY2tlbmRzLk1vZGVsQmFja2VuZCIsIl9hdXRoX3VzZXJfaGFzaCI6IjE1MzM1N2MxN2E4MWUyNzMzNTJkOWNiMGI1YjE0YWI0NDNmMTE4NDUifQ==','2020-10-07 21:22:39.379776'),('2y5k9uua41yli2472zz2mzhq1pnqo817','NjE4NjE0YzIyODc0YzUzN2Q0Yzg2YjE2Yzk3M2ZhNTg4NmYwNmJhMTp7Il9hdXRoX3VzZXJfaWQiOiIyOTYiLCJfYXV0aF91c2VyX2JhY2tlbmQiOiJkamFuZ28uY29udHJpYi5hdXRoLmJhY2tlbmRzLk1vZGVsQmFja2VuZCIsIl9hdXRoX3VzZXJfaGFzaCI6IjdiZWQxZmM5YThhM2FiZWE4NDgyYzM2YTc2YmJhNzc2N2NmMTgxYTMifQ==','2020-09-23 16:58:09.990835'),('2y6wwmfosjcua88uap4qba5f8b7qf3li','YjYwOGQyZWYyNzQ4OTMxNThlNTI5OWUyNDgwOWE1Yzc2YjZkYzVmZDp7Il9hdXRoX3VzZXJfaWQiOiIxNDgiLCJfYXV0aF91c2VyX2JhY2tlbmQiOiJkamFuZ28uY29udHJpYi5hdXRoLmJhY2tlbmRzLk1vZGVsQmFja2VuZCIsIl9hdXRoX3VzZXJfaGFzaCI6IjVkNjJiZjI1ZDIzNzRjY2QyZjVhM2I1OTQ3NjYwZTJhZjQxMDAxNzQifQ==','2020-09-13 17:54:49.979131'),('2ypudu10n0irxdfm68yu1x8lbiyqmkie','MzIyMDVkMjU0NmRjMGZkZDNkNDNmODU5NTYyMjc1MzRkNjZjZmI5Yjp7Il9hdXRoX3VzZXJfaWQiOiIyNDMiLCJfYXV0aF91c2VyX2JhY2tlbmQiOiJkamFuZ28uY29udHJpYi5hdXRoLmJhY2tlbmRzLk1vZGVsQmFja2VuZCIsIl9hdXRoX3VzZXJfaGFzaCI6ImJmYjFjMDE2YjQzYjc5MjRkNjM4NjM3MjIyYThkOTk4M2ZjOGE0NWMifQ==','2020-09-15 13:33:12.356116'),('33mcblug3gytnwdnxiulk40ql8ur29lw','ZTZhNGZjNGU2MjU5ZGVlODBhZDRmYmYyOTM5NjdjOGUyNjFhMWNmNjp7Il9hdXRoX3VzZXJfaWQiOiIyMjciLCJfYXV0aF91c2VyX2JhY2tlbmQiOiJkamFuZ28uY29udHJpYi5hdXRoLmJhY2tlbmRzLk1vZGVsQmFja2VuZCIsIl9hdXRoX3VzZXJfaGFzaCI6ImI1YjI5MDc4ZmJkMmI1N2Y1MDQ1NzgwM2NhMDhkMDI0MDc1OTAxYjQifQ==','2020-09-14 23:23:15.482171'),('38m5qio9uavheixau7vfppiurr5te006','YTNkOTE2OGNkYWE5NWViMGU4OTk2ZjA4YmRjMzc2Njg2OWVhMzQ4Yjp7Il9hdXRoX3VzZXJfaWQiOiI3MyIsIl9hdXRoX3VzZXJfYmFja2VuZCI6ImRqYW5nby5jb250cmliLmF1dGguYmFja2VuZHMuTW9kZWxCYWNrZW5kIiwiX2F1dGhfdXNlcl9oYXNoIjoiYWQzMDc1Mjg0NjIyM2Y2YWFmMzJjNWMxMWZlZTg0OWIyZDBjMTk2YiJ9','2020-09-12 12:07:26.846500'),('3911nghsnbu5n0r7km0o8x1s9kfx675s','YzliYTg3MzAxZDRmYzUwNGEwNjEyYWY3OTk0MzM1ZTgwM2RmMTFjZDp7Il9hdXRoX3VzZXJfaWQiOiIzMCIsIl9hdXRoX3VzZXJfYmFja2VuZCI6ImRqYW5nby5jb250cmliLmF1dGguYmFja2VuZHMuTW9kZWxCYWNrZW5kIiwiX2F1dGhfdXNlcl9oYXNoIjoiNDcxOTZmNWRlYTFhNTFkYWZkZjY2NGU5MDA1ZTBiNzBlMmM0YjEyYiJ9','2020-09-11 22:38:15.787106'),('3c86g90ar51dmzww1dp5xn7ecvqrgphy','NzZiYzVkMTA2ODY1OGI4MGI5Y2Y2MTkxZGUxMDMyMTU5YTExMjFkZDp7Il9hdXRoX3VzZXJfaWQiOiIxOTkiLCJfYXV0aF91c2VyX2JhY2tlbmQiOiJkamFuZ28uY29udHJpYi5hdXRoLmJhY2tlbmRzLk1vZGVsQmFja2VuZCIsIl9hdXRoX3VzZXJfaGFzaCI6ImIyYTZiM2MxNTRmY2MwYjZiNzllYmQzOTBkMDJlMzdlM2RlMDAxOGUifQ==','2020-09-14 15:48:11.178633'),('3h08e20f85v9utl0qs63sh64slil1zat','MDM5YmY4NmJlMjAxZWE0MmE5OWE1NWQzZWViNjNhMGMyZDQ3MzFkYzp7Il9hdXRoX3VzZXJfaWQiOiIxNzYiLCJfYXV0aF91c2VyX2JhY2tlbmQiOiJkamFuZ28uY29udHJpYi5hdXRoLmJhY2tlbmRzLk1vZGVsQmFja2VuZCIsIl9hdXRoX3VzZXJfaGFzaCI6ImU1Y2QyODJhMGE2YzdlYjMwNDMzODczZGZiZjViMGJkYjNiNjNmMDcifQ==','2020-09-14 00:50:54.178499'),('3n6o9cckocg0v8bi22e7ds3bcpl1tlrj','NDQyNDAxZDgyM2ViNThhN2MyZTc3N2QxZDUwNGFmN2YxY2M3YjRhZTp7Il9hdXRoX3VzZXJfaWQiOiIxNyIsIl9hdXRoX3VzZXJfYmFja2VuZCI6ImRqYW5nby5jb250cmliLmF1dGguYmFja2VuZHMuTW9kZWxCYWNrZW5kIiwiX2F1dGhfdXNlcl9oYXNoIjoiZmY2M2ZkZThiY2Y3MzY1NDVhNGM1ZGFjMGZjMzQxZDYxODcxZTA0MSJ9','2020-09-11 21:47:15.518442'),('3pz6hcmmahw6n73r9se7mvj5yr9sx3dg','MDlmYjkzZjRmZjI2ZGZmZDRhOTU1NDE5ZjJiYTY5YjdjOTQ2YzUyNzp7Il9hdXRoX3VzZXJfaWQiOiIyNzMiLCJfYXV0aF91c2VyX2JhY2tlbmQiOiJkamFuZ28uY29udHJpYi5hdXRoLmJhY2tlbmRzLk1vZGVsQmFja2VuZCIsIl9hdXRoX3VzZXJfaGFzaCI6IjIxMGE3MTcxZWQ3MWM1YTNiN2JlODI5ZGQ4NTEyMWYxYjBlNTdlOTEifQ==','2020-09-18 15:22:13.866823'),('3td6yo7gckypufzeru8vs5fwoaha4385','YmFmODk4MmI3NDhjZTdhYmY2YWM3NmZmMzJiOTg4ZWI4NzNiZjAwZjp7Il9hdXRoX3VzZXJfaWQiOiIyMDIiLCJfYXV0aF91c2VyX2JhY2tlbmQiOiJkamFuZ28uY29udHJpYi5hdXRoLmJhY2tlbmRzLk1vZGVsQmFja2VuZCIsIl9hdXRoX3VzZXJfaGFzaCI6IjI0NWY1ZDcxOGRkNWZkNWViMzEyMTczYzNjYzIzOGE3NTMyZTM5OTQifQ==','2020-09-14 17:12:24.996300'),('3ybaw3kvk4own4ymtptcpq3tm7mj6u9t','ZWQyZjUxZjc1ZjAxZjE2NTIzOGU2NGUxODg1Y2I0YTcxOWYzOWI4Njp7Il9hdXRoX3VzZXJfaWQiOiIzMjMiLCJfYXV0aF91c2VyX2JhY2tlbmQiOiJkamFuZ28uY29udHJpYi5hdXRoLmJhY2tlbmRzLk1vZGVsQmFja2VuZCIsIl9hdXRoX3VzZXJfaGFzaCI6ImIxNzc3MTAyNjliOWU3MmY3Zjk0ZTI0ODQ0NzdlYjRjNWJmNGNiYmUifQ==','2020-11-01 17:51:57.151769'),('42sd1t4n43fi6dq1k3so5a0bn69juutg','NzEwNGU0YmJkMGFiMDViNmYwNjIxNjk4YjhiMzlkZTkwNGQxOWViMjp7Il9hdXRoX3VzZXJfaWQiOiIyMDgiLCJfYXV0aF91c2VyX2JhY2tlbmQiOiJkamFuZ28uY29udHJpYi5hdXRoLmJhY2tlbmRzLk1vZGVsQmFja2VuZCIsIl9hdXRoX3VzZXJfaGFzaCI6IjVmMGJmMThkNzEwZjcyNTRlMWQ5MDFlMzgyNGM2NzNlOTliOGQ3YWEifQ==','2020-09-17 09:35:42.454424'),('46j3auf9wga1xp3u7mg86wm1btr2aiak','OGNhYTI3OWY0Mzg0YjI3NmI4ODE5NTI3MmE1ZWRjYTc2NWJlY2YyZDp7Il9hdXRoX3VzZXJfaWQiOiIyNjAiLCJfYXV0aF91c2VyX2JhY2tlbmQiOiJkamFuZ28uY29udHJpYi5hdXRoLmJhY2tlbmRzLk1vZGVsQmFja2VuZCIsIl9hdXRoX3VzZXJfaGFzaCI6IjFlMzYzNGFjY2Y0MDAwMTA3YjEwMjM0NDliNmE0OWMxNzAxZTkxMzEifQ==','2020-09-16 00:07:40.012797'),('46qoevrar034qpyz0aawh701uxsm4pmy','NThjYjJlMzA1N2Q5ZTQ1MzBjYzVkZjdiNTYzZjdiZDIyNTY1MzQ4ZDp7Il9hdXRoX3VzZXJfaWQiOiIyMjQiLCJfYXV0aF91c2VyX2JhY2tlbmQiOiJkamFuZ28uY29udHJpYi5hdXRoLmJhY2tlbmRzLk1vZGVsQmFja2VuZCIsIl9hdXRoX3VzZXJfaGFzaCI6IjZmOGQ3YTAyZDY0ZmNhOTA3N2JiNjc3NmI4M2RlZjczY2I4MzhkMzAifQ==','2020-09-14 22:34:54.115434'),('47a4nxxclt6v0f51nhdxhujuaycctlw5','NTFkNDQ5YzczYTllZjUxZWYwZWY4MmU5YjYwYjQxZTM5MTE4MDdkMDp7Il9hdXRoX3VzZXJfaWQiOiIyMTUiLCJfYXV0aF91c2VyX2JhY2tlbmQiOiJkamFuZ28uY29udHJpYi5hdXRoLmJhY2tlbmRzLk1vZGVsQmFja2VuZCIsIl9hdXRoX3VzZXJfaGFzaCI6IjdmMDFlYTNhZjRhZGZjYWU2YmYyZjRhODY3NDc3MjdkNjU3ZDE1MGYifQ==','2020-09-14 20:43:09.950390'),('4cdwlc1hdj1lazvz4pw6gs8pks22wyl7','OTUyYTkyNzA5MDEyNmM3Y2VjYzQ4MTRjM2I0YTBkOTU3MDkyMWNhZDp7Il9hdXRoX3VzZXJfaWQiOiIxMjgiLCJfYXV0aF91c2VyX2JhY2tlbmQiOiJkamFuZ28uY29udHJpYi5hdXRoLmJhY2tlbmRzLk1vZGVsQmFja2VuZCIsIl9hdXRoX3VzZXJfaGFzaCI6IjdlOTI5YzJiNmU0NGRlMjI3MjE1N2FhMDM4Mzg0MGZjNzI1NTAxZDcifQ==','2020-09-13 04:00:39.568483'),('4m0l2zqsaghhz2tclcjxuyaxa3bzojck','NWVjNGU2YzZkOTk1ZWMzNTAwYmIyYjJiOTJkNWQ4MDc2ODg2ZTlmYTp7Il9hdXRoX3VzZXJfaWQiOiIxMTQiLCJfYXV0aF91c2VyX2JhY2tlbmQiOiJkamFuZ28uY29udHJpYi5hdXRoLmJhY2tlbmRzLk1vZGVsQmFja2VuZCIsIl9hdXRoX3VzZXJfaGFzaCI6ImI3NGQ0ZmY5N2VmY2JiMmY0NDc1ODA5NjAzYTllMjcyYTgzNThmZjMifQ==','2020-09-12 19:58:42.459524'),('4m34wbbifno7z663nzeabtnl5qcvs6w9','NGIwN2M4YTdiYWVlYmFhMjRiY2NjM2NlYmFlNTQ4ZTkzZjhiNGM5ODp7Il9hdXRoX3VzZXJfaWQiOiIxIiwiX2F1dGhfdXNlcl9iYWNrZW5kIjoiZGphbmdvLmNvbnRyaWIuYXV0aC5iYWNrZW5kcy5Nb2RlbEJhY2tlbmQiLCJfYXV0aF91c2VyX2hhc2giOiI5YzMxNWRlMDZhMWZmNjZhNzljOGUyOTg3YmZkOWIyNmI0ZjYxNWYxIn0=','2020-09-09 15:17:51.672640'),('4whbwqnutokkrbjo3a6i8fchv32dao79','NTQ4MGYyMzU2NjRlYjE2NmJhY2Y5ZmI4MWIyOWYxNWMyMDg0ODFmODp7Il9hdXRoX3VzZXJfaWQiOiIyNzgiLCJfYXV0aF91c2VyX2JhY2tlbmQiOiJkamFuZ28uY29udHJpYi5hdXRoLmJhY2tlbmRzLk1vZGVsQmFja2VuZCIsIl9hdXRoX3VzZXJfaGFzaCI6IjQzNTBmYWM1ZDQzMDQyMzk4NjJjMjc2YzhhMmE5ZTQ5ZjNjZTZjNmEifQ==','2020-09-19 00:37:57.150825'),('4wvkpwjyvjbsd02uv5g3x0x0htgsxtiw','NjJlMDI4NDg3MjEzZTkxYTFjNTYxYzFhZTYzMWQ1YTBiMGNkYjg5Zjp7Il9hdXRoX3VzZXJfaWQiOiIyNiIsIl9hdXRoX3VzZXJfYmFja2VuZCI6ImRqYW5nby5jb250cmliLmF1dGguYmFja2VuZHMuTW9kZWxCYWNrZW5kIiwiX2F1dGhfdXNlcl9oYXNoIjoiNGU5N2IzNGUxZjZlZWJmOTVkOWUxZWIyNTNlNGQwMTUzMjA1YjgxMCJ9','2020-09-11 22:09:52.366854'),('4ykxvd1s1kl1awt0mnbdelghxyeipfc2','ZWI3M2E2NTM2MTY5YWNkNjljMGU1Y2IxNTAxNjNiZGFmNmNhZTNlMzp7Il9hdXRoX3VzZXJfaWQiOiIyMDMiLCJfYXV0aF91c2VyX2JhY2tlbmQiOiJkamFuZ28uY29udHJpYi5hdXRoLmJhY2tlbmRzLk1vZGVsQmFja2VuZCIsIl9hdXRoX3VzZXJfaGFzaCI6IjIxNDhjOGMzYTk2MzM5ODg1YWFkMzE5YWI5ZTA0OGRmOGZkZTczNjcifQ==','2020-09-14 17:30:33.694286'),('56b7u10jr8xygkwwfmeh7k67bia0c6rj','MzIwMzM0YjFmNzQ4NTE1Y2U0MWYxZTlhYzYzN2YxZDQxNmNkNTFjNTp7Il9hdXRoX3VzZXJfaWQiOiIyNyIsIl9hdXRoX3VzZXJfYmFja2VuZCI6ImRqYW5nby5jb250cmliLmF1dGguYmFja2VuZHMuTW9kZWxCYWNrZW5kIiwiX2F1dGhfdXNlcl9oYXNoIjoiYWIyZjY0YjA3MDA3ZjFiZTMzNjFlZjRlMGU0ZTQ2Yzg0ZGRiZGFjMiJ9','2020-09-11 22:14:55.881793'),('590vkyrfilyoh81hi6g2wcumy26zbjlc','ZGNlMGEzZmI3MGQ5YjU5ZjlmNDk1YmYyZTdlOGU5NjVmYWRiNDg3Njp7Il9hdXRoX3VzZXJfaWQiOiIxNTQiLCJfYXV0aF91c2VyX2JhY2tlbmQiOiJkamFuZ28uY29udHJpYi5hdXRoLmJhY2tlbmRzLk1vZGVsQmFja2VuZCIsIl9hdXRoX3VzZXJfaGFzaCI6ImVmNjY1ZTIyN2RhOGRjNDRlNTdhZGMwNmFjNGFmNDRmMWZjODU1ZmEifQ==','2020-09-13 18:30:31.383857'),('5dpooekgb71tpm19v6pfa5sprtumqnch','ZTM2MDc5M2Y3YWFkNzI3MGM0NTc1ZDVhZjhhNTAxN2UwNjM2YWRiNzp7Il9hdXRoX3VzZXJfaWQiOiIyMjkiLCJfYXV0aF91c2VyX2JhY2tlbmQiOiJkamFuZ28uY29udHJpYi5hdXRoLmJhY2tlbmRzLk1vZGVsQmFja2VuZCIsIl9hdXRoX3VzZXJfaGFzaCI6IjBlMTcwNTEwNmIzMWUxYWRmYTgzNWYyOWJhYmEwZTg4YjYxYjM1MjMifQ==','2020-09-14 23:36:40.937182'),('5h6it70nzff1lxc3nvd6i3p9y72ehhia','NjcyYTA0Yzc2Yzg2MTg2ZWQwZmYxMjA1NDQ1Y2YzMGU2ZWRlODA1Yzp7Il9hdXRoX3VzZXJfaWQiOiIyMTMiLCJfYXV0aF91c2VyX2JhY2tlbmQiOiJkamFuZ28uY29udHJpYi5hdXRoLmJhY2tlbmRzLk1vZGVsQmFja2VuZCIsIl9hdXRoX3VzZXJfaGFzaCI6IjVhMGU2ZWZhZmQ1OWIzMDdhYTk5ZDg3MDY2OTI3NzM1NWVhN2ZlYjQifQ==','2020-09-14 20:22:27.256613'),('5ihp1qfmfnrzywf354vglo8smy8jso26','ODZkOTliNThiYTI4ZTVhMGYxMmJmNDhiYzg1OTI1OGJiMmJkMjc4ODp7Il9hdXRoX3VzZXJfaWQiOiI1NiIsIl9hdXRoX3VzZXJfYmFja2VuZCI6ImRqYW5nby5jb250cmliLmF1dGguYmFja2VuZHMuTW9kZWxCYWNrZW5kIiwiX2F1dGhfdXNlcl9oYXNoIjoiNTlkYmIzN2I3ZjlhYjc2N2RjNmU3ZjMyNzA2YmNhZWQ0NDFkMDFjOCJ9','2020-09-13 15:29:02.002482'),('5ugp44zxyqwwfipy25stqj4j281l7ytl','YWRhODVkZjAxOGQ4N2UwN2Y1NmE4ZjM1NjUwYTJiZWQ3YjdhNWFjYjp7Il9hdXRoX3VzZXJfaWQiOiI1NyIsIl9hdXRoX3VzZXJfYmFja2VuZCI6ImRqYW5nby5jb250cmliLmF1dGguYmFja2VuZHMuTW9kZWxCYWNrZW5kIiwiX2F1dGhfdXNlcl9oYXNoIjoiNGM5MGYyOGEyZWQwYjEwNTZhZjgzN2M4MDUwZTI0N2FiODRiNWMwNCJ9','2020-09-13 02:31:28.893012'),('5v97bfhoihisezjiojjlh4odssk17rkv','Y2U3NzM5NGNjNzBiZDhmYzI5MTAxZmY4OTE3NWE4YjQzMTU3ODQ0OTp7Il9hdXRoX3VzZXJfaWQiOiI0OCIsIl9hdXRoX3VzZXJfYmFja2VuZCI6ImRqYW5nby5jb250cmliLmF1dGguYmFja2VuZHMuTW9kZWxCYWNrZW5kIiwiX2F1dGhfdXNlcl9oYXNoIjoiZTAzMTVjNDFkYzdmN2EzMThmM2RlZTc1N2ZmZTFmMGFlZTM4OTM2ZiJ9','2020-09-12 00:18:51.352892'),('5y89pip5wbymymkhs4q9zuo7966o1pmy','NmUyY2JlNmVhYzBiYTkwZTgxYTM2YmU1NDNhZGYzYjBmOTk3MGJjNTp7Il9hdXRoX3VzZXJfaWQiOiI2OSIsIl9hdXRoX3VzZXJfYmFja2VuZCI6ImRqYW5nby5jb250cmliLmF1dGguYmFja2VuZHMuTW9kZWxCYWNrZW5kIiwiX2F1dGhfdXNlcl9oYXNoIjoiODc0ZDIyMmE4YjNlNmE3YTdkMGZlY2IyMDlkYzM1OWUxNGEyYzM5ZSJ9','2020-09-12 10:29:29.722029'),('655qmcqkm6xye97qxjos45femacnvpdq','YmFmODk4MmI3NDhjZTdhYmY2YWM3NmZmMzJiOTg4ZWI4NzNiZjAwZjp7Il9hdXRoX3VzZXJfaWQiOiIyMDIiLCJfYXV0aF91c2VyX2JhY2tlbmQiOiJkamFuZ28uY29udHJpYi5hdXRoLmJhY2tlbmRzLk1vZGVsQmFja2VuZCIsIl9hdXRoX3VzZXJfaGFzaCI6IjI0NWY1ZDcxOGRkNWZkNWViMzEyMTczYzNjYzIzOGE3NTMyZTM5OTQifQ==','2020-09-14 17:22:39.920862'),('69uhi2nc22a7zkxc8mrgv545s3x87we7','YWRhODVkZjAxOGQ4N2UwN2Y1NmE4ZjM1NjUwYTJiZWQ3YjdhNWFjYjp7Il9hdXRoX3VzZXJfaWQiOiI1NyIsIl9hdXRoX3VzZXJfYmFja2VuZCI6ImRqYW5nby5jb250cmliLmF1dGguYmFja2VuZHMuTW9kZWxCYWNrZW5kIiwiX2F1dGhfdXNlcl9oYXNoIjoiNGM5MGYyOGEyZWQwYjEwNTZhZjgzN2M4MDUwZTI0N2FiODRiNWMwNCJ9','2020-09-13 00:49:04.543698'),('6a666g76tznb0nw73d2z3u6tmyaykpb2','ZTc3MGJjZGQ0NzhhMzQ3YTBjYmYyOGVmOTM2YTY2OWZlM2ZiYTBlZDp7Il9hdXRoX3VzZXJfaWQiOiIzMSIsIl9hdXRoX3VzZXJfYmFja2VuZCI6ImRqYW5nby5jb250cmliLmF1dGguYmFja2VuZHMuTW9kZWxCYWNrZW5kIiwiX2F1dGhfdXNlcl9oYXNoIjoiMzUxN2JjMTk3ZDkwYTQxNzg5MzY3YTEwYjliMWExM2Y0YTg1ZWQ2OCJ9','2020-09-11 22:38:24.220249'),('6i1hq9zv3clwc2jppj7jh9qerawrs73t','NDU4ZmM1MDFkNDQ2Y2YzYzExNTJhNDFlMDg0ZmVjOWM5NGViZTZmZjp7Il9hdXRoX3VzZXJfaWQiOiI1IiwiX2F1dGhfdXNlcl9iYWNrZW5kIjoiZGphbmdvLmNvbnRyaWIuYXV0aC5iYWNrZW5kcy5Nb2RlbEJhY2tlbmQiLCJfYXV0aF91c2VyX2hhc2giOiJhMTZlNWI0OGZiZjZkZTUxMWVkNDQyOWU4YTI0MDBmNmFiYWE5MTQ1In0=','2020-09-11 02:09:26.995568'),('6n1l85bibsi3tlfmga7s3vvbjvbjns98','MjRlOGNiNTI0NTM3YzgzZjMyZTcyNjQ1MGIwMGRiYzFjNGU1ZWYyNTp7Il9hdXRoX3VzZXJfaWQiOiIxNjciLCJfYXV0aF91c2VyX2JhY2tlbmQiOiJkamFuZ28uY29udHJpYi5hdXRoLmJhY2tlbmRzLk1vZGVsQmFja2VuZCIsIl9hdXRoX3VzZXJfaGFzaCI6ImEwNjM2M2NlNTRiZjQ0YTM3YmM0OWM2NGNmODFlZWNkZGRlMjllYTcifQ==','2020-09-13 20:27:48.020370'),('6nop7186i8jvf2l7dnuxghamo188vu0p','NDA0ZDhlOWFlNjI1OTRhYjViMzdhNjQ1Mjc4NjI2NTZjZTg3ZDBkZDp7Il9hdXRoX3VzZXJfaWQiOiI4MCIsIl9hdXRoX3VzZXJfYmFja2VuZCI6ImRqYW5nby5jb250cmliLmF1dGguYmFja2VuZHMuTW9kZWxCYWNrZW5kIiwiX2F1dGhfdXNlcl9oYXNoIjoiZTM4MTJlMzE0YWEwYTBmNDVkZmIzYTU3NjRhNjM4OTVkNTZmN2U4YSJ9','2020-09-12 13:17:37.072891'),('6ov821tkdb2si41bqkgsy98xrxdf3gli','MDEzODljYWU2NWI5ZjU5MmE2MmI2NjIyZmIxMWQwMjIxYjhlMGVlMDp7Il9hdXRoX3VzZXJfaWQiOiI0NiIsIl9hdXRoX3VzZXJfYmFja2VuZCI6ImRqYW5nby5jb250cmliLmF1dGguYmFja2VuZHMuTW9kZWxCYWNrZW5kIiwiX2F1dGhfdXNlcl9oYXNoIjoiYTg2MWUxZDk3MGMyYTA4NDAwMzQ5NjQ5MGQxYmU4YTczMDUwYmM2MiJ9','2020-09-12 00:16:22.270481'),('6qni7qdo0vyletsg9iu37av6t5psjear','OGI2MWM4Y2JiOTM3ZTVhYTNiNWY0MGJlOTRjZmY3OGIyY2M0MWIyMjp7Il9hdXRoX3VzZXJfaWQiOiIzMDMiLCJfYXV0aF91c2VyX2JhY2tlbmQiOiJkamFuZ28uY29udHJpYi5hdXRoLmJhY2tlbmRzLk1vZGVsQmFja2VuZCIsIl9hdXRoX3VzZXJfaGFzaCI6IjdiMzZlMDI1YTdjZTViMGVhYzUzYzhiMTA2MzY1ODA5ZGY5MjU0N2MifQ==','2020-09-27 18:28:56.682403'),('705gi3g2jx2xfns6nhrq8xevedvh0whx','YTE0Nzc5MWYyY2FlYmZhNDAzODYxOWRmMjc1MGI0MDM1MTZkYmZiNTp7Il9hdXRoX3VzZXJfaWQiOiIxNDQiLCJfYXV0aF91c2VyX2JhY2tlbmQiOiJkamFuZ28uY29udHJpYi5hdXRoLmJhY2tlbmRzLk1vZGVsQmFja2VuZCIsIl9hdXRoX3VzZXJfaGFzaCI6IjVjMzc5ZDVkOTQxYzkzMDUxMTA5OWZmZTk1OGVlODM5YjBiYjUzZDcifQ==','2020-09-13 16:28:11.199680'),('73v9o85yatwycbr045gnyfha0wlw1qai','YmFmODk4MmI3NDhjZTdhYmY2YWM3NmZmMzJiOTg4ZWI4NzNiZjAwZjp7Il9hdXRoX3VzZXJfaWQiOiIyMDIiLCJfYXV0aF91c2VyX2JhY2tlbmQiOiJkamFuZ28uY29udHJpYi5hdXRoLmJhY2tlbmRzLk1vZGVsQmFja2VuZCIsIl9hdXRoX3VzZXJfaGFzaCI6IjI0NWY1ZDcxOGRkNWZkNWViMzEyMTczYzNjYzIzOGE3NTMyZTM5OTQifQ==','2020-09-16 10:46:23.458619'),('7bbahog86uvsv9hwrdlgpvbanzk60s7d','ODA4Yjc4MDJmZmQ0ZjFiNDcxZWQzMDgyOTA2MDcyMTExZTFlZGZlYjp7Il9hdXRoX3VzZXJfaWQiOiIxMjciLCJfYXV0aF91c2VyX2JhY2tlbmQiOiJkamFuZ28uY29udHJpYi5hdXRoLmJhY2tlbmRzLk1vZGVsQmFja2VuZCIsIl9hdXRoX3VzZXJfaGFzaCI6IjgzM2ViYzA4MzA3MmY2NzI3MmRjNDkyZDU5NWZkOWFiNTM0MDEwYTAifQ==','2020-09-13 01:58:27.328681'),('7evfucwkqnk5dymyvjkqcvrh40ikoiif','ZjY4ZGYzMTM2ODIyMDM5NTRjYTk1NTNmZmZiZTI5MzNlNmRjNzQ3Nzp7Il9hdXRoX3VzZXJfaWQiOiI0MSIsIl9hdXRoX3VzZXJfYmFja2VuZCI6ImRqYW5nby5jb250cmliLmF1dGguYmFja2VuZHMuTW9kZWxCYWNrZW5kIiwiX2F1dGhfdXNlcl9oYXNoIjoiZjcyZjEyNWNkMjdmMWYxOWRhZjM3YzVlZGU1YWJkZDViMGU4MDRjMCJ9','2020-09-11 23:30:01.310079'),('7fko63ptgmuiy2i4b7m015t8ve2kyvl3','ZjU5MDkyMDYzZDIxOTVjMmUyNmM0NGFkMzNmMDhlN2MzY2E4YTAwNTp7Il9hdXRoX3VzZXJfaWQiOiI2MSIsIl9hdXRoX3VzZXJfYmFja2VuZCI6ImRqYW5nby5jb250cmliLmF1dGguYmFja2VuZHMuTW9kZWxCYWNrZW5kIiwiX2F1dGhfdXNlcl9oYXNoIjoiNDZkY2ViOTdlOTQ0NDllODNmYTg5OTAxYWVhN2JmNjgzMzhmMDY1MCJ9','2020-09-12 06:41:02.040138'),('7lvfi3mk981p7hybhr4hepbdwveihqg2','NDI1YmM0ZDM0NWI1MWJhMDY0Y2RhYjFiMTc3MzUwYjUwZGY5MTU3Njp7Il9hdXRoX3VzZXJfaWQiOiI3OCIsIl9hdXRoX3VzZXJfYmFja2VuZCI6ImRqYW5nby5jb250cmliLmF1dGguYmFja2VuZHMuTW9kZWxCYWNrZW5kIiwiX2F1dGhfdXNlcl9oYXNoIjoiZDFiMWQ3Yjc5NDVhYTMwYTRkNjBjMjRhZDMxMDlmYjllMjBiNjZkZSJ9','2020-09-12 22:25:29.645774'),('7lzad9y9q5tlzw8p6x5z8zmsu3ms5g1d','OTI3YzY3OWNhODQyMGFmNjBiMDhiYWQyMTA2NWZmMWYyZjI2Mzc0Zjp7Il9hdXRoX3VzZXJfaWQiOiI2IiwiX2F1dGhfdXNlcl9iYWNrZW5kIjoiZGphbmdvLmNvbnRyaWIuYXV0aC5iYWNrZW5kcy5Nb2RlbEJhY2tlbmQiLCJfYXV0aF91c2VyX2hhc2giOiIwOWI1Y2E0NmE5NWI2Zjk0ZjEyM2JmZGIwNTkyMDQ3NzNjODIyNDZmIn0=','2020-09-06 11:55:21.693661'),('7m06snaxvjcq3ro3w2fnvfezkh6mszba','M2M5OGZkODY4Y2U3MWIxMzljMTYwMzgzNzE1OWQ4NDNlMjU3MGU4Zjp7Il9hdXRoX3VzZXJfaWQiOiI0MiIsIl9hdXRoX3VzZXJfYmFja2VuZCI6ImRqYW5nby5jb250cmliLmF1dGguYmFja2VuZHMuTW9kZWxCYWNrZW5kIiwiX2F1dGhfdXNlcl9oYXNoIjoiMTJmZDM3YTQwMGU3ZjEwNTA0ZjY3MDM4YzBkYTVlMTE2MTI0NWQyNyJ9','2020-09-11 23:34:39.997906'),('7q5n2pu8ga63zflfpgh8aaguki492rbr','MDQzYmQ0ZDQ2ZGRjZDM0ZmQyODg2YmM1ZDJiOGFkYzg3MDM0YTQ4OTp7Il9hdXRoX3VzZXJfaWQiOiIxOCIsIl9hdXRoX3VzZXJfYmFja2VuZCI6ImRqYW5nby5jb250cmliLmF1dGguYmFja2VuZHMuTW9kZWxCYWNrZW5kIiwiX2F1dGhfdXNlcl9oYXNoIjoiMDgxNGQ2NzRhMmM0NjA1MGQ0ZWFlZWJjYTcyYmI4ZWZhNzE1YzhiMiJ9','2020-09-11 21:48:55.771436'),('7qhk1s17nsx8li7aqy46abecysnuo2m5','YmJkZGVmYjhlOTRmNGVkN2I0MTc4OWVjZGJmNmNkMjNhYjI5M2I2Zjp7Il9hdXRoX3VzZXJfaWQiOiIxNSIsIl9hdXRoX3VzZXJfYmFja2VuZCI6ImRqYW5nby5jb250cmliLmF1dGguYmFja2VuZHMuTW9kZWxCYWNrZW5kIiwiX2F1dGhfdXNlcl9oYXNoIjoiNzUyNjZkNzQ3OWQzZjcwODJkNThkOGE4YzRmNzNhODdjOWI4OWExZCJ9','2020-09-11 15:50:51.799329'),('7sm3fe83kwdrv1xfma2ebwpeclutrmft','NDU4ZmM1MDFkNDQ2Y2YzYzExNTJhNDFlMDg0ZmVjOWM5NGViZTZmZjp7Il9hdXRoX3VzZXJfaWQiOiI1IiwiX2F1dGhfdXNlcl9iYWNrZW5kIjoiZGphbmdvLmNvbnRyaWIuYXV0aC5iYWNrZW5kcy5Nb2RlbEJhY2tlbmQiLCJfYXV0aF91c2VyX2hhc2giOiJhMTZlNWI0OGZiZjZkZTUxMWVkNDQyOWU4YTI0MDBmNmFiYWE5MTQ1In0=','2020-09-06 11:17:10.375154'),('7tgbland00f6y5yu0owlxctldyrhyh1n','NDA3MWQ5ZDg5ZTBhN2RiNDA5ZmU0ZDMwOTIxOGQzYzk2NWFhMmJlMjp7Il9hdXRoX3VzZXJfaWQiOiIxOTIiLCJfYXV0aF91c2VyX2JhY2tlbmQiOiJkamFuZ28uY29udHJpYi5hdXRoLmJhY2tlbmRzLk1vZGVsQmFja2VuZCIsIl9hdXRoX3VzZXJfaGFzaCI6IjYyYjRjOWEwZDA4YTk0MzRmODY2NmJhNDZkMzM0OWQyOTkxOWZmNzYifQ==','2020-09-14 13:52:12.271019'),('85xy5tputz6hl17raby76hdt4r8gc5kv','Y2I0MzQwZGZmOTNkM2IzY2MyMDZjNjM3YTVlY2QwYjE5YTVjYTY4Mjp7Il9hdXRoX3VzZXJfaWQiOiIyMiIsIl9hdXRoX3VzZXJfYmFja2VuZCI6ImRqYW5nby5jb250cmliLmF1dGguYmFja2VuZHMuTW9kZWxCYWNrZW5kIiwiX2F1dGhfdXNlcl9oYXNoIjoiMGUyYjAwNGFjNzhkNzI2YzYwYTZmMjAwZjc5ODI0ZjM3MzNkOGZhYSJ9','2020-09-11 22:12:03.764563'),('87k2guwxil629i5rdpgzq6218ky5opqx','ODUxYTVkODVlOGRkZGRhMDZkOTU2Yjg5NTk5OWU5NzlkYWYxYTMwYTp7Il9hdXRoX3VzZXJfaWQiOiIyIiwiX2F1dGhfdXNlcl9iYWNrZW5kIjoiZGphbmdvLmNvbnRyaWIuYXV0aC5iYWNrZW5kcy5Nb2RlbEJhY2tlbmQiLCJfYXV0aF91c2VyX2hhc2giOiI0NjBhOTkzYTY5MWI4ZjI3NmJiMTA0ZGU5MTBjM2Y4NTk3OGVkMzI5In0=','2020-09-06 01:25:51.839187'),('88a0pntelipsfvm2eozh05a0fzgib1ln','NTI1ODkzM2E3MjMwODhhOTY1YjM3ZjFhZjYwYzViMmI2YjZjYTAxMzp7Il9hdXRoX3VzZXJfaWQiOiI5NiIsIl9hdXRoX3VzZXJfYmFja2VuZCI6ImRqYW5nby5jb250cmliLmF1dGguYmFja2VuZHMuTW9kZWxCYWNrZW5kIiwiX2F1dGhfdXNlcl9oYXNoIjoiMDMxZDRlYWZiYzQwMjJiY2U3NjU3Yzk1NzBmMmE3YWE1MDA0NzlkNyJ9','2020-09-12 16:02:10.268727'),('8ap5jgm0lcv5lfg7ohme8ekc0l4v78te','MjNmOWRlNGRhZjc1ZmYyMGYzNTllOTBiMWVkZGVhMTM2OTY0ODk1YTp7Il9hdXRoX3VzZXJfaWQiOiIxMDIiLCJfYXV0aF91c2VyX2JhY2tlbmQiOiJkamFuZ28uY29udHJpYi5hdXRoLmJhY2tlbmRzLk1vZGVsQmFja2VuZCIsIl9hdXRoX3VzZXJfaGFzaCI6ImNjYmNkMWRlZTM0MmE5ZTY2M2Y0Nzc0NTM2MDM1OWE4NjU3MmVkYTAifQ==','2020-09-12 16:43:45.102947'),('8asklhd2aw0um1us5jvsyc498ov4cqrg','ZTJlZTI3MDU1NTdhZmFhMDAwZGJkNWNjMmExY2Q3OTI0ZTgyMjg2ODp7Il9hdXRoX3VzZXJfaWQiOiIyMTEiLCJfYXV0aF91c2VyX2JhY2tlbmQiOiJkamFuZ28uY29udHJpYi5hdXRoLmJhY2tlbmRzLk1vZGVsQmFja2VuZCIsIl9hdXRoX3VzZXJfaGFzaCI6IjJhMzdiZjI0MGZlN2U4ZWIyYzFhMzM3YmE0ZTRlMDE4ZTMxMGVhZDgifQ==','2020-09-15 18:08:00.739768'),('8fryot3hzlp5rxonmoztl8ndyhp6hmlf','Yzg4MDczZGYwNzYxZGExM2Q4ZDM1Nzk0OTM5OWMyNjQzZjllOTVmODp7Il9hdXRoX3VzZXJfaWQiOiIyNzciLCJfYXV0aF91c2VyX2JhY2tlbmQiOiJkamFuZ28uY29udHJpYi5hdXRoLmJhY2tlbmRzLk1vZGVsQmFja2VuZCIsIl9hdXRoX3VzZXJfaGFzaCI6ImMwZmQ3NGZhNDU3NzRkMTFkYjZlOGJhNTJkNmYwNjAzMDdmMzM4OTEifQ==','2020-09-18 22:32:56.638604'),('8uza86qk0hkdk8ylkla4g1n5w6oew9r8','ODUxYTVkODVlOGRkZGRhMDZkOTU2Yjg5NTk5OWU5NzlkYWYxYTMwYTp7Il9hdXRoX3VzZXJfaWQiOiIyIiwiX2F1dGhfdXNlcl9iYWNrZW5kIjoiZGphbmdvLmNvbnRyaWIuYXV0aC5iYWNrZW5kcy5Nb2RlbEJhY2tlbmQiLCJfYXV0aF91c2VyX2hhc2giOiI0NjBhOTkzYTY5MWI4ZjI3NmJiMTA0ZGU5MTBjM2Y4NTk3OGVkMzI5In0=','2020-09-10 18:06:54.382014'),('8zc9un0t5fzvxx8j1id8xptngwupkxwm','MTgzNmU0YzFiYzZkMzM0YjRkMDBmNGM4NGM1ZjBlYzM4YjYxMGM1ZDp7Il9hdXRoX3VzZXJfaWQiOiIxODciLCJfYXV0aF91c2VyX2JhY2tlbmQiOiJkamFuZ28uY29udHJpYi5hdXRoLmJhY2tlbmRzLk1vZGVsQmFja2VuZCIsIl9hdXRoX3VzZXJfaGFzaCI6IjVlNGM0NmU4ZWIzNGRjOGE5YWVhOGJkMjQ4MDQ0ZGRhNzU3NmUyNGMifQ==','2020-09-14 09:28:44.355540'),('97kjpc92s1xwc72lyp2mhex6q5zuxnjf','OTZiODE5MjExMDE0N2NlMzgzYTdmNDA1YjVkZjBhYmFlZGEwZWFjMDp7Il9hdXRoX3VzZXJfaWQiOiI0MyIsIl9hdXRoX3VzZXJfYmFja2VuZCI6ImRqYW5nby5jb250cmliLmF1dGguYmFja2VuZHMuTW9kZWxCYWNrZW5kIiwiX2F1dGhfdXNlcl9oYXNoIjoiNGUzOTBkNGI4YTQwY2U2OTgwY2VhYzhiODI3MTY1Y2U4NzI1NTlmNyJ9','2020-09-15 07:14:03.038918'),('9dv6zkl1pw7xmaopp1s31grl6jw1mdcu','M2EwNTBiYTBlOTRiNWUzMzdkODhiOWY5ZmU4ODhjZTQ3ZjdjYmM1Nzp7Il9hdXRoX3VzZXJfaWQiOiIzMTIiLCJfYXV0aF91c2VyX2JhY2tlbmQiOiJkamFuZ28uY29udHJpYi5hdXRoLmJhY2tlbmRzLk1vZGVsQmFja2VuZCIsIl9hdXRoX3VzZXJfaGFzaCI6IjRiNjQwOWM3ZDIzZjMwZmQxMWEwY2Y0ZmIxNGEwZjc4YTZjMzVjZDYifQ==','2020-10-02 22:40:08.868642'),('9ef6ci0rgzkz19vn34fdodrla8tptaqv','ZWMxNDc3ZDNkYzhmNjVhMDA3ZGJhZTlhYzUxYzNmNTQ0MDEzMGM2OTp7Il9hdXRoX3VzZXJfaWQiOiIxNTgiLCJfYXV0aF91c2VyX2JhY2tlbmQiOiJkamFuZ28uY29udHJpYi5hdXRoLmJhY2tlbmRzLk1vZGVsQmFja2VuZCIsIl9hdXRoX3VzZXJfaGFzaCI6ImRmODgxOWFiNWZiNzAwZjk2NDNkMmRhMGMwZWUwNGM3MDJkODI4MTYifQ==','2020-09-13 18:54:07.705336'),('9fl1eu70tzh67c2x82dbfzayy80fddgl','Mzc3NWEyMjMyZGVmNDJkYWYyODdhMDQyYTNiY2RiYmUyNzA2Mzg4ODp7Il9hdXRoX3VzZXJfaWQiOiIxMjIiLCJfYXV0aF91c2VyX2JhY2tlbmQiOiJkamFuZ28uY29udHJpYi5hdXRoLmJhY2tlbmRzLk1vZGVsQmFja2VuZCIsIl9hdXRoX3VzZXJfaGFzaCI6IjY1NGIxOGY3MWQ4MmRjOTgzNzcwNGM3MTllOGNjOTg5NjQ2NjcyYTgifQ==','2020-09-13 22:36:00.065877'),('9h4auojv3yl55yefg9fgbu6ukdnsq8vv','M2I4OGI4M2M3OTAzMDRjMzVkODIwMjRhOGViZTI0OGEwNGI4ODBkNTp7Il9hdXRoX3VzZXJfaWQiOiIzNCIsIl9hdXRoX3VzZXJfYmFja2VuZCI6ImRqYW5nby5jb250cmliLmF1dGguYmFja2VuZHMuTW9kZWxCYWNrZW5kIiwiX2F1dGhfdXNlcl9oYXNoIjoiNzRlNjdjYmRmYjA3YzlhNWMyMjhlZDlkOGY2YmJiYjVmYWQ1MDlhMSJ9','2020-09-11 23:00:27.159825'),('9pjpxbsvcyfvlqxrdv155xyp72qkhteh','YmE0MWZjMjUzYWUwNjhkMGE5NDk1NWY0ZDE3NjQ1OTQ3ZTI5ZGRkZTp7Il9hdXRoX3VzZXJfaWQiOiIyOCIsIl9hdXRoX3VzZXJfYmFja2VuZCI6ImRqYW5nby5jb250cmliLmF1dGguYmFja2VuZHMuTW9kZWxCYWNrZW5kIiwiX2F1dGhfdXNlcl9oYXNoIjoiYWE3MTA0Njg1ZjkyMGIyMTM1YmYwNzBhOWU4Yzg4NjFiMjgxMWY2NiJ9','2020-09-12 21:57:23.424970'),('9v0pgxt10vt6ezl3ombbvqed44sdagbg','MjVhNmZhN2E4MzNiMGQ2NjYyNTA2NGVkZWMxMGE1YzM5MmQ2M2Q5ZDp7Il9hdXRoX3VzZXJfaWQiOiI1MSIsIl9hdXRoX3VzZXJfYmFja2VuZCI6ImRqYW5nby5jb250cmliLmF1dGguYmFja2VuZHMuTW9kZWxCYWNrZW5kIiwiX2F1dGhfdXNlcl9oYXNoIjoiODhjZjM1OTFiYTU5MTJlYzU1NTA2N2UzOWY1Yzk0ZDkyMzYzY2NmYyJ9','2020-09-12 00:34:13.386845'),('9v533ag13qbq8lnsd71wm56fjpf8byaw','OGM1M2E5MzU2YTE2YWMyZTVhODdkZjAwN2NkMzBmNjY2ODY4MDk4MDp7Il9hdXRoX3VzZXJfaWQiOiIyNTUiLCJfYXV0aF91c2VyX2JhY2tlbmQiOiJkamFuZ28uY29udHJpYi5hdXRoLmJhY2tlbmRzLk1vZGVsQmFja2VuZCIsIl9hdXRoX3VzZXJfaGFzaCI6ImMzMWRhM2FhZDc3ODMwYzQyYTI0MmUxYmYyZjVmYzlmNzJiM2FlZDgifQ==','2020-09-15 19:21:21.073767'),('a0dstzb4u756zoqfxc4ss6s6wsgfyvkf','ZmIyNDJlNTAxOTNkMzRkNzBmNWUxZTc3ZmM5NzllNGZmOTgzMGQ5ZDp7Il9hdXRoX3VzZXJfaWQiOiIyNTQiLCJfYXV0aF91c2VyX2JhY2tlbmQiOiJkamFuZ28uY29udHJpYi5hdXRoLmJhY2tlbmRzLk1vZGVsQmFja2VuZCIsIl9hdXRoX3VzZXJfaGFzaCI6ImU5MTVhZTY1ZmQ2NDM0M2VhMGJmMTc3YTAxNTc5MjI5YjIyNjNmNjMifQ==','2020-09-15 21:28:14.049286'),('a241b6d36rxkq8et19mcktadtukv3dih','MDdmNDk1ZjVhYjE3YTZhNjFjYTYwZmY2YWMwYjBkMjFhMjc2YTAxNTp7Il9hdXRoX3VzZXJfaWQiOiIxNzIiLCJfYXV0aF91c2VyX2JhY2tlbmQiOiJkamFuZ28uY29udHJpYi5hdXRoLmJhY2tlbmRzLk1vZGVsQmFja2VuZCIsIl9hdXRoX3VzZXJfaGFzaCI6ImU0NzBhMmVjOGJmOWE2YTEyMmQzYzMxNGE1MzgyMDdhMzQ1N2M0NTMifQ==','2020-09-13 22:57:25.978908'),('a3ucqago55q1fwa0q8eubs5isb67s48o','NTk1ZDcwNDQwZjRhZDY3MTI1MWNkNzhlOGRkYjM1ZmM3NGQzYWNlNjp7Il9hdXRoX3VzZXJfaWQiOiIxMTkiLCJfYXV0aF91c2VyX2JhY2tlbmQiOiJkamFuZ28uY29udHJpYi5hdXRoLmJhY2tlbmRzLk1vZGVsQmFja2VuZCIsIl9hdXRoX3VzZXJfaGFzaCI6ImIzZmEwM2I3NmI3NWZkNDE3MWJkYzcyZjlmOWUyMTc1ZjQ5NGUxMGQifQ==','2020-09-12 21:05:46.274766'),('a58fy3uvfmwfjfexlukzw6sw5yavoudh','ZDVmZDUxOThhOGJiMjQwNDRlYmI1Y2U5NWY5NzJlMjZlYjhmM2UxMjp7Il9hdXRoX3VzZXJfaWQiOiIxMDMiLCJfYXV0aF91c2VyX2JhY2tlbmQiOiJkamFuZ28uY29udHJpYi5hdXRoLmJhY2tlbmRzLk1vZGVsQmFja2VuZCIsIl9hdXRoX3VzZXJfaGFzaCI6IjM5YTdjMTZmNWRiMGRmYWJkNTc1ZGE5ODc4NTc0MzZiYzZmMjMwODMifQ==','2020-09-12 16:51:48.268894'),('a6pfqvc0iu2vjxornm9h2u3m7nbtssdl','OGViZDkwYWRkNDk0YjhlMTE2ZTIwMWZiYzE3YjA4MTY0NGJkODEwOTp7Il9hdXRoX3VzZXJfaWQiOiIxMTAiLCJfYXV0aF91c2VyX2JhY2tlbmQiOiJkamFuZ28uY29udHJpYi5hdXRoLmJhY2tlbmRzLk1vZGVsQmFja2VuZCIsIl9hdXRoX3VzZXJfaGFzaCI6ImE2M2Q4MzZjMTM3YjBiZWFhMDVjYzc4Mzc1Mjc0NDU1MWY3ODc2ZjgifQ==','2020-09-12 18:41:18.566650'),('a9up44x96htzj0x5j48b9ljf0ii6uyw2','YWY2NDA5Mjc2MzQ2ZmQ0MzVhZGQyMGExODYzNDY2NWRhNmJlYmJhMzp7Il9hdXRoX3VzZXJfaWQiOiIxNjkiLCJfYXV0aF91c2VyX2JhY2tlbmQiOiJkamFuZ28uY29udHJpYi5hdXRoLmJhY2tlbmRzLk1vZGVsQmFja2VuZCIsIl9hdXRoX3VzZXJfaGFzaCI6IjNiMTA2MTM0MzkwMmU2YjVmYzY4YzM2MWRkOGMxYjU3MTcwODYwNTEifQ==','2020-09-13 22:12:54.759349'),('abi79i8ldze8uslaon67v4bphfzgmomd','ZjhjN2FhZGQ0OWE5OGVmYjEwNWE5OTNkNGM4Y2IxODcxNjg4YWYyYzp7Il9hdXRoX3VzZXJfaWQiOiIxNzgiLCJfYXV0aF91c2VyX2JhY2tlbmQiOiJkamFuZ28uY29udHJpYi5hdXRoLmJhY2tlbmRzLk1vZGVsQmFja2VuZCIsIl9hdXRoX3VzZXJfaGFzaCI6ImMzZjRhNDY5YTI4NmJkZmFmNTY2NjNkYWQ4ZjI5NDZhODU4ODhkZWUifQ==','2020-09-14 01:17:30.432397'),('ac6gn7y0a76d0yshxq7tewepwwcr3p45','OWU3ZDdkMDdiOTNmZmMxYWZlY2NkNjEzZGNjZjNhYjM2MDMyN2E3YTp7Il9hdXRoX3VzZXJfaWQiOiIxOTgiLCJfYXV0aF91c2VyX2JhY2tlbmQiOiJkamFuZ28uY29udHJpYi5hdXRoLmJhY2tlbmRzLk1vZGVsQmFja2VuZCIsIl9hdXRoX3VzZXJfaGFzaCI6IjYyNDNlMzhiZDg2NmY4MzYyOWQyOTc4MjJlYmVhOGU0MTQ3YmY3MmMifQ==','2020-09-14 15:44:16.731669'),('afxba7p4rf291tc2u5u40np2dkeun1m8','ODYzNmY5ZGUxNjBjMzllY2RiZWYyNTcyN2NlZDExZjZkYmUzNzFmZDp7Il9hdXRoX3VzZXJfaWQiOiIyMzciLCJfYXV0aF91c2VyX2JhY2tlbmQiOiJkamFuZ28uY29udHJpYi5hdXRoLmJhY2tlbmRzLk1vZGVsQmFja2VuZCIsIl9hdXRoX3VzZXJfaGFzaCI6ImZlZDFlMmU1Y2JhNmU1NzVkMGZhNDY5MjBmZjk5ZTM0MGRlZDg3M2QifQ==','2020-09-15 10:18:50.796238'),('ak3fy2jr6yrax4jpk33h9n3b3ryb873t','MGYwMGVmMWM2MDRlMDBhMzE1Nzc2YzAwZDcxZWNmZDExZjIzMDg5MTp7Il9hdXRoX3VzZXJfaWQiOiIyNjciLCJfYXV0aF91c2VyX2JhY2tlbmQiOiJkamFuZ28uY29udHJpYi5hdXRoLmJhY2tlbmRzLk1vZGVsQmFja2VuZCIsIl9hdXRoX3VzZXJfaGFzaCI6ImZhMDg3ZTc1ZTkxMzEwNDgwYzIxODNmZjIwNDdhYjkwNDY2OGY2ODgifQ==','2020-09-17 17:43:09.958906'),('akvlu1tygtvhb1nj3deniow5y9tk9doe','YTcxYTBjZTE5NWZlMzgwM2EyMmIyNzhhM2ZjMjY1M2NlZThkMjYyNzp7Il9hdXRoX3VzZXJfaWQiOiIyODciLCJfYXV0aF91c2VyX2JhY2tlbmQiOiJkamFuZ28uY29udHJpYi5hdXRoLmJhY2tlbmRzLk1vZGVsQmFja2VuZCIsIl9hdXRoX3VzZXJfaGFzaCI6ImRiOTBjNDA1NGM3YTQxZmRkZmZkN2VkYjdjYjFhNmU2M2Y0ZTY1NGIifQ==','2020-09-21 13:18:42.802846'),('at2e5ddcer1llhk9iihgvx8yvvmsdxqz','ZmMxZGQzOWRhZWZjYTcwNDg2OGQ4YzE3YjgwMDExMzlmZjgyMzBmOTp7Il9hdXRoX3VzZXJfaWQiOiIxNzciLCJfYXV0aF91c2VyX2JhY2tlbmQiOiJkamFuZ28uY29udHJpYi5hdXRoLmJhY2tlbmRzLk1vZGVsQmFja2VuZCIsIl9hdXRoX3VzZXJfaGFzaCI6ImVmMGYwZjYwY2UxMGM1ZWQzMzFjMzZkN2Q4YTAxYzVjMWRkNDljOWQifQ==','2020-09-14 00:54:08.274379'),('avetzbfiwprawlb937f3t5wxlhta2qox','MGQ0NTg3NWI5OTVlNzMzZDhkZThmNjU1NzRjZTg4MWFkYmJjZTY3ZTp7Il9hdXRoX3VzZXJfaWQiOiIxNjQiLCJfYXV0aF91c2VyX2JhY2tlbmQiOiJkamFuZ28uY29udHJpYi5hdXRoLmJhY2tlbmRzLk1vZGVsQmFja2VuZCIsIl9hdXRoX3VzZXJfaGFzaCI6IjJjN2UyOTJiMjNjZmUzMzJiODk4YmJjZmZjNTUwNTFjMTE3ZDQxNDcifQ==','2020-09-13 20:19:16.261757'),('awslx81xbhgyd78yq0tmw05ndkxnxx65','NWRmMmJlNWYzNzgxOWQ4MDQ4Yzg4ZTZhYjMxNmY0MDhkNmZhMTRkMTp7Il9hdXRoX3VzZXJfaWQiOiI3MSIsIl9hdXRoX3VzZXJfYmFja2VuZCI6ImRqYW5nby5jb250cmliLmF1dGguYmFja2VuZHMuTW9kZWxCYWNrZW5kIiwiX2F1dGhfdXNlcl9oYXNoIjoiNzNmOGQwMjk4YTY0MTc5NGI0OWY4MzkwOGYyY2U3ODc1NDRjOTBlMyJ9','2020-09-12 11:51:03.687067'),('b5ejwf5v18myxbhoh9rknoh4zlkw60b5','MTg1YTEwMGYwMDEyZWY4Y2I5MzY5NmUyNjhiZWFlZDcwZmEyNzQ0YTp7Il9hdXRoX3VzZXJfaWQiOiIzMiIsIl9hdXRoX3VzZXJfYmFja2VuZCI6ImRqYW5nby5jb250cmliLmF1dGguYmFja2VuZHMuTW9kZWxCYWNrZW5kIiwiX2F1dGhfdXNlcl9oYXNoIjoiZjVhY2YzMjc2NmE3NzllNGFkMDk2MDEyYTc4NDExNDdkODczZDEyMyJ9','2020-09-11 22:39:43.889036'),('bbq77yni4nsppenrqmimjwy2c4uckw49','NDBkZmQwZDJjNWQ5NGM4ODkwOTcwMDhlMzljMDBmNzQ3OTA5NTZmMTp7Il9hdXRoX3VzZXJfaWQiOiIxMTYiLCJfYXV0aF91c2VyX2JhY2tlbmQiOiJkamFuZ28uY29udHJpYi5hdXRoLmJhY2tlbmRzLk1vZGVsQmFja2VuZCIsIl9hdXRoX3VzZXJfaGFzaCI6ImYwOTM1M2E3OGQxYTZjNjI4MTg5NTkyMTNjNThkYmNkNDAzY2IyYmYifQ==','2020-09-12 20:33:43.522313'),('bcxe6ucmc3o2laip96g80v8wcubvzq3c','Y2UyYjc4ZGEwYTZjMmQ5MWQ3YjRhZTExNGU0YjRiOTNiYTQ1MGQ3Yjp7Il9hdXRoX3VzZXJfaWQiOiIxNDIiLCJfYXV0aF91c2VyX2JhY2tlbmQiOiJkamFuZ28uY29udHJpYi5hdXRoLmJhY2tlbmRzLk1vZGVsQmFja2VuZCIsIl9hdXRoX3VzZXJfaGFzaCI6IjFkYWYwMjYwYjA4N2RjN2E4ZDNmNzEzNDFlZmJmNWRlZmU1MzliNGYifQ==','2020-09-13 15:46:30.178419'),('bfxr6ni32tnf54k6sm0kb70ula9g4e7t','M2IyZTc3MWQzZWJlMDA2NGMzNjkxZmRlOWVhMDE1NTE1YWRlYzc5ZDp7Il9hdXRoX3VzZXJfaWQiOiIxNzkiLCJfYXV0aF91c2VyX2JhY2tlbmQiOiJkamFuZ28uY29udHJpYi5hdXRoLmJhY2tlbmRzLk1vZGVsQmFja2VuZCIsIl9hdXRoX3VzZXJfaGFzaCI6ImRiYTA4ZWIzOWQ3ODM2NTJjNWE4ZjZhNDliOGQxNTZmZmU4OWQ0MTYifQ==','2020-09-14 01:48:24.613350'),('bntmr8gc70h7c0wkwwd7bgkvse9bclrp','MWNiOGMzNWQ1MGM3NzQwZDE1Yjg5MmE3MWFkODI4NDA0ZjYyOWM4YTp7Il9hdXRoX3VzZXJfaWQiOiIxMDgiLCJfYXV0aF91c2VyX2JhY2tlbmQiOiJkamFuZ28uY29udHJpYi5hdXRoLmJhY2tlbmRzLk1vZGVsQmFja2VuZCIsIl9hdXRoX3VzZXJfaGFzaCI6IjE0ODI5ZTJmNjljY2U3YjBlOGM1OTAzOGRiNjE0ZDk3NmQ4YWJhZDAifQ==','2020-09-12 18:17:51.836421'),('bpb8kg92wbjcjymi5dnwrel5j2ondjr8','MGE1NzU1ZWY2MGJjM2I4NDQxYmRiYWNjZTAzNmYwMTFiMWJiYzM0ODp7Il9hdXRoX3VzZXJfaWQiOiIyNzYiLCJfYXV0aF91c2VyX2JhY2tlbmQiOiJkamFuZ28uY29udHJpYi5hdXRoLmJhY2tlbmRzLk1vZGVsQmFja2VuZCIsIl9hdXRoX3VzZXJfaGFzaCI6ImExNDgyZTk5OTRjNDc4ZTEyODYxNTIwNjg2YzU2ZTljYzJmZDI2YjcifQ==','2020-09-18 21:44:44.787031'),('bq8maca16jm6kjk9hru865lvx1j8iw5x','OTZiODE5MjExMDE0N2NlMzgzYTdmNDA1YjVkZjBhYmFlZGEwZWFjMDp7Il9hdXRoX3VzZXJfaWQiOiI0MyIsIl9hdXRoX3VzZXJfYmFja2VuZCI6ImRqYW5nby5jb250cmliLmF1dGguYmFja2VuZHMuTW9kZWxCYWNrZW5kIiwiX2F1dGhfdXNlcl9oYXNoIjoiNGUzOTBkNGI4YTQwY2U2OTgwY2VhYzhiODI3MTY1Y2U4NzI1NTlmNyJ9','2020-09-11 23:46:05.275801'),('bucfktqikzbmbuhsc5n9ls4rl55m9vjd','Nzc4ZTEwNjA1MzkxNmVhN2NlZGIyNzg5ODJjY2VkN2NlNzEyODEwYTp7Il9hdXRoX3VzZXJfaWQiOiIyNjIiLCJfYXV0aF91c2VyX2JhY2tlbmQiOiJkamFuZ28uY29udHJpYi5hdXRoLmJhY2tlbmRzLk1vZGVsQmFja2VuZCIsIl9hdXRoX3VzZXJfaGFzaCI6Ijc4YzgyNzRmYzUxZWUxMjgwODJkZTNlYmZmYWUxYTUwN2QwYmUwYzcifQ==','2020-09-16 00:50:42.297251'),('c8bsq39itmmmr6ivutcy2xs4asva2em1','NWM3ZDc4MDc1MTM4YjZjOTY2ODE1MzQwNmVlNmU5NTYwOTZjY2I1NTp7Il9hdXRoX3VzZXJfaWQiOiIzMDYiLCJfYXV0aF91c2VyX2JhY2tlbmQiOiJkamFuZ28uY29udHJpYi5hdXRoLmJhY2tlbmRzLk1vZGVsQmFja2VuZCIsIl9hdXRoX3VzZXJfaGFzaCI6Ijk3OWYxODY4NzVmNzZhMjU2N2I3YTYwYWRiOWZiNjNiMjFlYzk2MWYifQ==','2020-09-29 04:06:21.898635'),('c9t3v409gllq8biwn5jlo0nejf4053u9','YWU1MDVhOTQxMDkzYWM1OTJkNzBlZWExNDQ1ZmU3ZmYyNTI0MGRhNTp7Il9hdXRoX3VzZXJfaWQiOiIzMjgiLCJfYXV0aF91c2VyX2JhY2tlbmQiOiJkamFuZ28uY29udHJpYi5hdXRoLmJhY2tlbmRzLk1vZGVsQmFja2VuZCIsIl9hdXRoX3VzZXJfaGFzaCI6IjlmYTRlZmZiNTUxNGNmMTg1NjJkODIxY2VkN2M1ZTk4OTQyZTJiZjYifQ==','2020-11-24 17:56:27.727879'),('cw92a86p8dz6p3i9khh021wwfsvwq1cc','ZTY1NjhlMWRkOTMxMzQ3YzIxODVjZjFkMGU4MWEyOTc0NTkzMTE2Njp7Il9hdXRoX3VzZXJfaWQiOiIyNDYiLCJfYXV0aF91c2VyX2JhY2tlbmQiOiJkamFuZ28uY29udHJpYi5hdXRoLmJhY2tlbmRzLk1vZGVsQmFja2VuZCIsIl9hdXRoX3VzZXJfaGFzaCI6Ijc1MTcxYWM5ZWQzNjNhZjVmMjkwNDkzNzgyMTk4MTYxMjNmMzE2NzYifQ==','2020-09-15 15:41:20.478547'),('cywsy2a45sy5114z7wpdjn810s3k1g56','ODc5YmNjMTJlN2I1YmFiMTg2MjRkMjIxM2I3M2UzZjAwNTAxNGUxYzp7Il9hdXRoX3VzZXJfaWQiOiIxODUiLCJfYXV0aF91c2VyX2JhY2tlbmQiOiJkamFuZ28uY29udHJpYi5hdXRoLmJhY2tlbmRzLk1vZGVsQmFja2VuZCIsIl9hdXRoX3VzZXJfaGFzaCI6ImIxODk2Zjc2MzVmYTg0Nzg0Y2NkYTI4MGM4MGFmNGVkYTc0YmUwNTUifQ==','2020-09-14 08:23:43.772464'),('d15avah6jvv1udcop0zk3u85nn9q4hra','YTIxY2JlZDJjYjliODU4MzRiN2FjYmQ0M2U2ZTJjZGQwNTQ2YzM5Nzp7Il9hdXRoX3VzZXJfaWQiOiIxMjUiLCJfYXV0aF91c2VyX2JhY2tlbmQiOiJkamFuZ28uY29udHJpYi5hdXRoLmJhY2tlbmRzLk1vZGVsQmFja2VuZCIsIl9hdXRoX3VzZXJfaGFzaCI6IjcyYTYwMDA5NGM2ZDVmNDNkN2JlZDkwYzRiOTQyMDY0ZjI1ZjYyZjUifQ==','2020-09-19 16:44:53.385407'),('d3lg9xvnmx8urghy27jy32afk10loyje','N2RkZjAyZDk2NmIxOTRjNTYwYjM4MTk0YTdlZTE5ZjRiZTQ5MzdmNzp7Il9hdXRoX3VzZXJfaWQiOiIzMTUiLCJfYXV0aF91c2VyX2JhY2tlbmQiOiJkamFuZ28uY29udHJpYi5hdXRoLmJhY2tlbmRzLk1vZGVsQmFja2VuZCIsIl9hdXRoX3VzZXJfaGFzaCI6IjMxNDg4NjZhNDQzMWM3OTNjOTk2YmUyOTBjY2U2NTNiYzU2MTFlZTYifQ==','2020-10-05 23:45:57.397341'),('d76hswasq6294ax8inifi58hgp8zbfew','OGYwYTIwYzllYTBkNjAxZmRlZjk4NjAwYWVlNzU1NzY2NmZhYjJmNzp7Il9hdXRoX3VzZXJfaWQiOiI5NSIsIl9hdXRoX3VzZXJfYmFja2VuZCI6ImRqYW5nby5jb250cmliLmF1dGguYmFja2VuZHMuTW9kZWxCYWNrZW5kIiwiX2F1dGhfdXNlcl9oYXNoIjoiYjYxYWZhMjBjYTNiOGExMjcyNmUyMjQ1ZDIyZDRlZTc1ODYwNWJiZiJ9','2020-09-12 15:59:14.535061'),('da9yotvxqwxs662f47rne26vc87qor9l','MDg3ZjNjNTI4MjczZjBhNjg1ZmNmZDg5ZjIwZTk1ZjMyNjQyNjFmMDp7Il9hdXRoX3VzZXJfaWQiOiIxMzEiLCJfYXV0aF91c2VyX2JhY2tlbmQiOiJkamFuZ28uY29udHJpYi5hdXRoLmJhY2tlbmRzLk1vZGVsQmFja2VuZCIsIl9hdXRoX3VzZXJfaGFzaCI6IjNmNjQzZjRlYTQ2MGQ1NTBlMWE4MTIzYTMxZGRhZmJlZTdiN2U0YTgifQ==','2020-09-13 07:54:06.922964'),('dcxdqdpxd3zu2y2bnuj6raf2618x9qe7','ZDhmMzk4ZWM3Zjc0NzY0ZDZlODNkNGQ0ODU1MWYzMWNlYzZiOTUxYTp7Il9hdXRoX3VzZXJfaWQiOiIyNjUiLCJfYXV0aF91c2VyX2JhY2tlbmQiOiJkamFuZ28uY29udHJpYi5hdXRoLmJhY2tlbmRzLk1vZGVsQmFja2VuZCIsIl9hdXRoX3VzZXJfaGFzaCI6ImEwYTA1MjRkNGJmZDg0ZjgwN2FkZTc2ODExZWEwYjMyMGZlYjJiNDQifQ==','2020-09-17 11:35:42.338384'),('e3d6mzgnjlvqf4hw0bfutxqq9a4zcexa','ODUxYTVkODVlOGRkZGRhMDZkOTU2Yjg5NTk5OWU5NzlkYWYxYTMwYTp7Il9hdXRoX3VzZXJfaWQiOiIyIiwiX2F1dGhfdXNlcl9iYWNrZW5kIjoiZGphbmdvLmNvbnRyaWIuYXV0aC5iYWNrZW5kcy5Nb2RlbEJhY2tlbmQiLCJfYXV0aF91c2VyX2hhc2giOiI0NjBhOTkzYTY5MWI4ZjI3NmJiMTA0ZGU5MTBjM2Y4NTk3OGVkMzI5In0=','2020-09-06 12:39:41.777259'),('ed8jt2cs0sl7toicxoykang0ywogi48q','MzQ4MTE2OTkzOTgzZDA4ODA3OGNkYWNhZTFmMjllODIzMWZjMWNhNzp7Il9hdXRoX3VzZXJfaWQiOiIxMTEiLCJfYXV0aF91c2VyX2JhY2tlbmQiOiJkamFuZ28uY29udHJpYi5hdXRoLmJhY2tlbmRzLk1vZGVsQmFja2VuZCIsIl9hdXRoX3VzZXJfaGFzaCI6ImIyZTdkNzNlM2I2OGE4MWYzZWY3MDE4ZjEwMzVjZDJlZTczN2VkMmYifQ==','2020-09-12 19:13:36.558757'),('eg47ykgjitgtefddf9z65ntbc5n0jmin','ZWNmYzc3M2JkZGVkNWYwNzQ1OWM0NDhhZjI4M2FhNzM5NWJiNmYyNzp7Il9hdXRoX3VzZXJfaWQiOiIzMTgiLCJfYXV0aF91c2VyX2JhY2tlbmQiOiJkamFuZ28uY29udHJpYi5hdXRoLmJhY2tlbmRzLk1vZGVsQmFja2VuZCIsIl9hdXRoX3VzZXJfaGFzaCI6IjAzNDU4OGY4ODZjOTg3ZTg1MTliYWRjYzhlMDdmNGY3ODMxNDA1YzUifQ==','2020-10-08 14:00:22.184839'),('eg7kg7dnokiw7iel81d6fuam8t6s82o4','NjM2NzFhMTJjYjE4ODcwNGQxNTg0M2FiNWUxZWNjODZiOWU2ZmMyNzp7Il9hdXRoX3VzZXJfaWQiOiI3MiIsIl9hdXRoX3VzZXJfYmFja2VuZCI6ImRqYW5nby5jb250cmliLmF1dGguYmFja2VuZHMuTW9kZWxCYWNrZW5kIiwiX2F1dGhfdXNlcl9oYXNoIjoiZjExM2ExYjczMTc5MTJhMDA2NmMzMGNhZGRhYjVmZmQ5ODg4ODFkOSJ9','2020-09-12 11:55:36.473085'),('eociarprqg4nkphy916my0hqql9vjdqv','MTQxYmVmNTg4ZDYzMDVjZWI1ZmVmMWRmYzk4NmQ1ZTgxOWExMmE3MTp7Il9hdXRoX3VzZXJfaWQiOiI1MCIsIl9hdXRoX3VzZXJfYmFja2VuZCI6ImRqYW5nby5jb250cmliLmF1dGguYmFja2VuZHMuTW9kZWxCYWNrZW5kIiwiX2F1dGhfdXNlcl9oYXNoIjoiOGNjNzM5MzFmMTdlYzkxNzRjZGJiMzlhMjRlOTk3OTFhNDI3MmIzMyJ9','2020-09-12 00:31:31.408464'),('ermvyjw64jrtgs26d0qwsh12tr5q0lfv','YjU0ODJlZWZjOWQxZDhmZTk4Zjk0ZDUxOTcyY2QzMGFjNDllYzEyZDp7Il9hdXRoX3VzZXJfaWQiOiIyOTQiLCJfYXV0aF91c2VyX2JhY2tlbmQiOiJkamFuZ28uY29udHJpYi5hdXRoLmJhY2tlbmRzLk1vZGVsQmFja2VuZCIsIl9hdXRoX3VzZXJfaGFzaCI6ImVlYjhkODlhYzUyN2Q4N2RmZWNlYjNhNjU3ZTQ3ZTBkZDQ0YjVjYTMifQ==','2020-09-23 00:52:51.582077'),('eug2w8yy4xg9xi1oxm4pos1hb401nnii','OWRiZDdjYjBiMWQ5MzAxODExNzBhNTMxY2Y0OTc4NmQzYzk4YmJlODp7Il9hdXRoX3VzZXJfaWQiOiIyIiwiX2F1dGhfdXNlcl9iYWNrZW5kIjoiZGphbmdvLmNvbnRyaWIuYXV0aC5iYWNrZW5kcy5Nb2RlbEJhY2tlbmQiLCJfYXV0aF91c2VyX2hhc2giOiI3YmQ2NjAxOTU5ODljOWU3NDNkOWI1M2RlYzViZGEwYjk4YjAzYjhiIn0=','2020-09-04 13:39:54.768913'),('ex7jvwkdci05pk2c9xpulk04icvr1qhn','NTJlOWYyNzkxMTcyNGJjYWExMWFhYzgzZTYxNmE1NDdjZGY4YTRiYTp7Il9hdXRoX3VzZXJfaWQiOiIyMTAiLCJfYXV0aF91c2VyX2JhY2tlbmQiOiJkamFuZ28uY29udHJpYi5hdXRoLmJhY2tlbmRzLk1vZGVsQmFja2VuZCIsIl9hdXRoX3VzZXJfaGFzaCI6ImE1YzY4MGNjM2Q3NGU4MWI5MzJiY2YyMzNkNDc0ZmEzYmUzZWY0ZmIifQ==','2020-09-14 19:59:21.519193'),('fgoxu1sxhhx6vlm9fkwbhwo1pdm3heea','NzMzZjNkMDgwODMyNTNmMzdhOTBkYzc3ZmU4ZWUyZGI3MGJiNTZiMDp7Il9hdXRoX3VzZXJfaWQiOiI0NyIsIl9hdXRoX3VzZXJfYmFja2VuZCI6ImRqYW5nby5jb250cmliLmF1dGguYmFja2VuZHMuTW9kZWxCYWNrZW5kIiwiX2F1dGhfdXNlcl9oYXNoIjoiNDlmZWE3OTUyZTRhNDRjNzQ4MWY1NDY3MzVlYWE0ZDE5MTM2Njg4MSJ9','2020-09-12 13:23:19.462892'),('flszp9k8qkunib6apvi43fx7dqaueewk','MTE4OTU1Y2ViYmE5M2E2OGVlYmE1YWQ3NDhjY2NkNWQzOWVjMzhlYjp7Il9hdXRoX3VzZXJfaWQiOiIxODkiLCJfYXV0aF91c2VyX2JhY2tlbmQiOiJkamFuZ28uY29udHJpYi5hdXRoLmJhY2tlbmRzLk1vZGVsQmFja2VuZCIsIl9hdXRoX3VzZXJfaGFzaCI6ImI4NjM0MDZhNjNiNjYwYzFlZGMxZGI1NDY2YTdlOGE5MzUwNTczNGUifQ==','2020-09-14 11:17:27.714194'),('fncmkt2k15aoyyq815huuc9s5dgo9l93','ZWJjMWVhMDMwYWNlN2Y5NGQzMDE5YzgyNzdjZDZkNDkxMGZjOTQ3Yzp7Il9hdXRoX3VzZXJfaWQiOiIxMjQiLCJfYXV0aF91c2VyX2JhY2tlbmQiOiJkamFuZ28uY29udHJpYi5hdXRoLmJhY2tlbmRzLk1vZGVsQmFja2VuZCIsIl9hdXRoX3VzZXJfaGFzaCI6IjZiNjhhZjg4NGE1NDE4MzljOGI1N2E1MmJkMWZkM2E2MjliMzE4MTIifQ==','2020-09-12 23:24:09.240716'),('fof3wye9dd3qohos3mblz5dub1lmfdtw','YWY1NGZmM2MwMGZjOGYyYzhmYWQ5OWMwZWQ4MGQxYTMwOWZmZGM1Mzp7Il9hdXRoX3VzZXJfaWQiOiI4NCIsIl9hdXRoX3VzZXJfYmFja2VuZCI6ImRqYW5nby5jb250cmliLmF1dGguYmFja2VuZHMuTW9kZWxCYWNrZW5kIiwiX2F1dGhfdXNlcl9oYXNoIjoiY2ZiNzRkOGJmNTY2Mjk4Y2E1NTdmODgyYjZhODY0MmFmODQ3ZDRhYyJ9','2020-09-12 18:04:13.719389'),('fui96hbetyht8m9lrl6v8e0fohgy2841','NjU0MGZkOGExZjIxZjYxZmU2YjU0ZTA0NTQ4ZWM1YjUyMDJiNjQ0Yzp7Il9hdXRoX3VzZXJfaWQiOiIzMTEiLCJfYXV0aF91c2VyX2JhY2tlbmQiOiJkamFuZ28uY29udHJpYi5hdXRoLmJhY2tlbmRzLk1vZGVsQmFja2VuZCIsIl9hdXRoX3VzZXJfaGFzaCI6ImZkNzkzZmQ1ZTgxMzJjYmEwMDQ2ZTcwNzM0ODhmMmEyNzlmYTQ0Y2QifQ==','2020-10-02 21:10:42.066850'),('g350la1w89c8y6aqigxo928xkgdkel95','Nzg2ZTYyZTJjZmI2M2NmNDM5NTMxNzBhYzI3M2VjZGNhNGQ1ZjgzYjp7Il9hdXRoX3VzZXJfaWQiOiIxNTEiLCJfYXV0aF91c2VyX2JhY2tlbmQiOiJkamFuZ28uY29udHJpYi5hdXRoLmJhY2tlbmRzLk1vZGVsQmFja2VuZCIsIl9hdXRoX3VzZXJfaGFzaCI6ImQ1YzBiYWE1MTUwNDVlM2JkMWE5MjA4ZDM4MjBlMjA1OGJhNDUxZmQifQ==','2020-09-13 17:58:20.624900'),('g708m9lwl76chtenskikbzen3sbmp1r5','YjVjMDM3ZDA0YTc1OGMxMzRkNzM1NjNhYmI3YTc0Y2ZmNzhkNmZhYTp7Il9hdXRoX3VzZXJfaWQiOiIyMjAiLCJfYXV0aF91c2VyX2JhY2tlbmQiOiJkamFuZ28uY29udHJpYi5hdXRoLmJhY2tlbmRzLk1vZGVsQmFja2VuZCIsIl9hdXRoX3VzZXJfaGFzaCI6ImZkZDJmNjdlMmVmNDZkMzcwOGE5NTRjMTIxMTdlZDhlNjYxMzBkMmIifQ==','2020-09-14 21:31:02.180518'),('gaknalz3b47ivdc9fi8fheqntclko2i5','ZGU2Nzc3ODFiNTMzMjhjMTNiMDMxZWZjZGM4NTc5MTgxODRlMjNkNzp7Il9hdXRoX3VzZXJfaWQiOiIyNjYiLCJfYXV0aF91c2VyX2JhY2tlbmQiOiJkamFuZ28uY29udHJpYi5hdXRoLmJhY2tlbmRzLk1vZGVsQmFja2VuZCIsIl9hdXRoX3VzZXJfaGFzaCI6ImNhMjMyMjFkOTMxNzQyNjQ3MWFiNDczZDZlYzg1OWQxNGYzNGM2YjIifQ==','2020-09-16 20:22:13.800031'),('gbd63wijycj7k56qfgyxa523hkgl6v79','NzJiMWUzYzg2NGJjN2RiYWFlNGFhNDZhZjAwZjNkZTI4Njk2MWFkMzp7Il9hdXRoX3VzZXJfaWQiOiIzMjIiLCJfYXV0aF91c2VyX2JhY2tlbmQiOiJkamFuZ28uY29udHJpYi5hdXRoLmJhY2tlbmRzLk1vZGVsQmFja2VuZCIsIl9hdXRoX3VzZXJfaGFzaCI6ImFmODYyNzM5YjJjMzgzMzljZTZkMmI3YWQwODU0N2I4NjI5NWEwZjUifQ==','2020-10-12 10:55:08.149626'),('gggijm648wtcb77z6es8wexfogo948ri','MWNmYjQwYTA2Y2RhMzE2OWFjNjE2NzM5ZWM3YjZmZjYyYjRhY2FlNTp7Il9hdXRoX3VzZXJfaWQiOiIyMDQiLCJfYXV0aF91c2VyX2JhY2tlbmQiOiJkamFuZ28uY29udHJpYi5hdXRoLmJhY2tlbmRzLk1vZGVsQmFja2VuZCIsIl9hdXRoX3VzZXJfaGFzaCI6IjY0MzYyMWZhZDM2MjI1MzNjYTI5Mjg2M2M5ZjQ5MDQyOTkxNWM1YTMifQ==','2020-09-14 17:50:36.038279'),('gjnsqmjghzny133gubosvste9r93jrjt','NDFmMzQ5NmEyOGY3NWIyNTRjNTQ4YzliYWM5NDg4OGQ1NGNhODA4Yjp7Il9hdXRoX3VzZXJfaWQiOiI2IiwiX2F1dGhfdXNlcl9iYWNrZW5kIjoiZGphbmdvLmNvbnRyaWIuYXV0aC5iYWNrZW5kcy5Nb2RlbEJhY2tlbmQiLCJfYXV0aF91c2VyX2hhc2giOiJmNGQ0MDM4Zjc5MzU5ZGVkZThlNWQwMmVmM2VjMjZiYzU4NDU1YTRlIn0=','2020-09-12 13:30:29.445040'),('gtq8j4l9f4r68u88d73rzcu4rnaf9gn1','ODAxMDA3YTliOTQ5YmM1ZjBmMDE2NzQwMTViNTM2N2E1MzI2Nzk0MTp7Il9hdXRoX3VzZXJfaWQiOiIzMTMiLCJfYXV0aF91c2VyX2JhY2tlbmQiOiJkamFuZ28uY29udHJpYi5hdXRoLmJhY2tlbmRzLk1vZGVsQmFja2VuZCIsIl9hdXRoX3VzZXJfaGFzaCI6IjM1MDdhODAzZDk1YTZjMjQ0OWEzM2JiMjM1YzlmMTJkYzZiMDZkY2YifQ==','2020-10-02 22:52:30.152790'),('gvvb3owhlq5tkf994667keskta74eyjz','MTY4OTVkMTQ4Njg0N2YzM2UzYjQyYzNmZmRiNDQwODdhNzg5YTUwMTp7Il9hdXRoX3VzZXJfaWQiOiIzMDgiLCJfYXV0aF91c2VyX2JhY2tlbmQiOiJkamFuZ28uY29udHJpYi5hdXRoLmJhY2tlbmRzLk1vZGVsQmFja2VuZCIsIl9hdXRoX3VzZXJfaGFzaCI6ImNkYzc4ZGVkNjQ0NjczNDNhMTY0ZTg2ZjlkNWEyN2E4ZjMxNjNiOGYifQ==','2020-10-02 15:02:58.178217'),('gz10vduoljczll64daw2lq5ny378z8pe','MmQ5NmY4NzI4MGQxODAzYWJhMGU0NjI1NWI2Y2Y5MTg4YTliOTY5Njp7Il9hdXRoX3VzZXJfaWQiOiIyNDIiLCJfYXV0aF91c2VyX2JhY2tlbmQiOiJkamFuZ28uY29udHJpYi5hdXRoLmJhY2tlbmRzLk1vZGVsQmFja2VuZCIsIl9hdXRoX3VzZXJfaGFzaCI6IjEwYzM2OTY3Y2JmODQ5YTc2OGRlY2QyMzJiNjJiYmMxNzkxYTY4MTQifQ==','2020-09-15 11:57:24.254919'),('gzobn8xn2u1qbsuxw87nfv29s3qdmpqe','ZWQyZjUxZjc1ZjAxZjE2NTIzOGU2NGUxODg1Y2I0YTcxOWYzOWI4Njp7Il9hdXRoX3VzZXJfaWQiOiIzMjMiLCJfYXV0aF91c2VyX2JhY2tlbmQiOiJkamFuZ28uY29udHJpYi5hdXRoLmJhY2tlbmRzLk1vZGVsQmFja2VuZCIsIl9hdXRoX3VzZXJfaGFzaCI6ImIxNzc3MTAyNjliOWU3MmY3Zjk0ZTI0ODQ0NzdlYjRjNWJmNGNiYmUifQ==','2020-10-12 20:15:07.166989'),('h3jqz1ekh68igf26gwys0yp31f84l6me','NDc1NzMzYWI3YTFlZWI0MTI3OGQzZDE5NzlmYzhjYjBhMGM5MDFiOTp7Il9hdXRoX3VzZXJfaWQiOiIzMTQiLCJfYXV0aF91c2VyX2JhY2tlbmQiOiJkamFuZ28uY29udHJpYi5hdXRoLmJhY2tlbmRzLk1vZGVsQmFja2VuZCIsIl9hdXRoX3VzZXJfaGFzaCI6IjQ2OGE5MTM1Y2Q4NjE4ZmI3M2E5Y2JlNTY3MGI0OTQ0OGZmN2Y1OGYifQ==','2020-10-03 15:48:37.864318'),('h3po5766cbkhy4u0lrsnjwwd2a8dg8to','NTIzMGQ0N2IwMmQwMWYwZjE4MTIyZTU4MWQ2MGYxNzlkMmU5ZDE0Nzp7Il9hdXRoX3VzZXJfaWQiOiIxOTEiLCJfYXV0aF91c2VyX2JhY2tlbmQiOiJkamFuZ28uY29udHJpYi5hdXRoLmJhY2tlbmRzLk1vZGVsQmFja2VuZCIsIl9hdXRoX3VzZXJfaGFzaCI6ImNmNDYwMTU3MzA1NTk4NGE1ZWZhNThmNjhkNDExYjI0MWRlNzg4MmQifQ==','2020-09-14 13:11:08.345860'),('h4o0muvcl2gs2xb50613p0ipud34bwik','ZmViZDAwYzhhYmExNDczY2RlNzU3MTVlN2IzNGMwYTI5YWMwYTdiOTp7Il9hdXRoX3VzZXJfaWQiOiIxNDEiLCJfYXV0aF91c2VyX2JhY2tlbmQiOiJkamFuZ28uY29udHJpYi5hdXRoLmJhY2tlbmRzLk1vZGVsQmFja2VuZCIsIl9hdXRoX3VzZXJfaGFzaCI6IjU1NWNhMWI5MWYwZDU2ZTdlOWZjZjA5MGM3MzI0NTcxOGVkZmE3YjYifQ==','2020-09-13 14:53:52.016770'),('h56ekec1rs3iy90az7gekmacwvfhj3zr','MGU3MTFhOGU0MzAzNjY3YjlkOWRhMjhmNWJhZWYxZDZhNWVjOTc2MDp7Il9hdXRoX3VzZXJfaWQiOiI0NCIsIl9hdXRoX3VzZXJfYmFja2VuZCI6ImRqYW5nby5jb250cmliLmF1dGguYmFja2VuZHMuTW9kZWxCYWNrZW5kIiwiX2F1dGhfdXNlcl9oYXNoIjoiMTY1OGUxYTkzODMxOGM5ZjUxZDBhYWRjOTMyM2VhMGM5Y2ZkNWNhYiJ9','2020-09-11 23:57:38.018425'),('h5nik82ws5jxg7azky1nny39yl6ii293','MGNjYWQ0YmJiZTkyNzZkZWQxMDkwMjc3ZDllMDRmYWY4ODJlMzdiMzp7Il9hdXRoX3VzZXJfaWQiOiI2MCIsIl9hdXRoX3VzZXJfYmFja2VuZCI6ImRqYW5nby5jb250cmliLmF1dGguYmFja2VuZHMuTW9kZWxCYWNrZW5kIiwiX2F1dGhfdXNlcl9oYXNoIjoiMWZmMGE4NzMxMDM0YzhlOWU2OTYzMWZmYjYzM2E4NDg4ZjA3N2E1YSJ9','2020-09-12 06:37:34.827952'),('h997m552empvpxnt0u72m4zvq2giabfz','ZWVlY2E4M2MzZGEwNzg2ZGViZWQ5MTE5Mjk2ZGNlMjJjNmU2MDhjZTp7Il9hdXRoX3VzZXJfaWQiOiIzMDQiLCJfYXV0aF91c2VyX2JhY2tlbmQiOiJkamFuZ28uY29udHJpYi5hdXRoLmJhY2tlbmRzLk1vZGVsQmFja2VuZCIsIl9hdXRoX3VzZXJfaGFzaCI6IjM2YjMxOGIzZWE5NThiY2FjN2Y3YTNkZjY5NTA1ZDdkNzFjOTJlZWQifQ==','2020-09-28 19:16:54.418448'),('hav0pk6sz7ua1yk601okiwp53riydwlf','NWFlODgwNzE3NGU3YzE2ZWI5ZGMwOTk3ZDM2Y2Q4NWIwZWE1Njc1Zjp7Il9hdXRoX3VzZXJfaWQiOiI2MiIsIl9hdXRoX3VzZXJfYmFja2VuZCI6ImRqYW5nby5jb250cmliLmF1dGguYmFja2VuZHMuTW9kZWxCYWNrZW5kIiwiX2F1dGhfdXNlcl9oYXNoIjoiMWY0MDUzMTkwMzY1ZDc0ZjA3YTg3NDRlMmViMTM0MDI2ZDU5ZTNlMyJ9','2020-09-12 07:08:11.955604'),('haxa99s604spcttqwsrghr5onwqn0tl7','OTZmNGY4YTdlODc5NjRjOTBhNjZiNjRkMTUwNzUwNWZlOWM2YTY4Yzp7Il9hdXRoX3VzZXJfaWQiOiIyMDkiLCJfYXV0aF91c2VyX2JhY2tlbmQiOiJkamFuZ28uY29udHJpYi5hdXRoLmJhY2tlbmRzLk1vZGVsQmFja2VuZCIsIl9hdXRoX3VzZXJfaGFzaCI6IjljNThiMjQwZGJhNjVjYzJiMTUxMjliNGRlM2MxZmEyMzI5ODJiZTcifQ==','2020-09-14 19:36:59.362250'),('hbw6p46veybxa68z6xtooshdm9j4wuh8','NTI3NjdmOTk1YTcyMjEzOTQwZGJkOGRmOThiMGU0ZGEyNDJhM2Q5Yjp7Il9hdXRoX3VzZXJfaWQiOiI2NCIsIl9hdXRoX3VzZXJfYmFja2VuZCI6ImRqYW5nby5jb250cmliLmF1dGguYmFja2VuZHMuTW9kZWxCYWNrZW5kIiwiX2F1dGhfdXNlcl9oYXNoIjoiYjgyMjFhNzE1ZDk0NWY5N2ZhMmNmOWE4YjkxNWEwODNlMjM3OTZlMCJ9','2020-09-12 13:00:16.125849'),('hd2x6062h2o85q1h0i0mga8rfgv9ksv6','OTc4NzM2NDRmZmFmMjM3YjYxYjVhOTg1ZjExM2NiNWFlZTUyNzc0YTp7Il9hdXRoX3VzZXJfaWQiOiIzMjciLCJfYXV0aF91c2VyX2JhY2tlbmQiOiJkamFuZ28uY29udHJpYi5hdXRoLmJhY2tlbmRzLk1vZGVsQmFja2VuZCIsIl9hdXRoX3VzZXJfaGFzaCI6ImE3MTg0MmUyMjIwMmQ0YTk3OTdiMWMxZTkwOTU2Y2I3ZGFkNmY2NzUifQ==','2020-11-08 15:19:00.565504'),('hek2zzr2turu6crvu7krjjf0hrmpuo1c','MmUzNWIwYTkzNDQyODAxMTk2MGQxNDYyNzBjMDY1YjhkY2I0ZjYzNTp7Il9hdXRoX3VzZXJfaWQiOiIyNzEiLCJfYXV0aF91c2VyX2JhY2tlbmQiOiJkamFuZ28uY29udHJpYi5hdXRoLmJhY2tlbmRzLk1vZGVsQmFja2VuZCIsIl9hdXRoX3VzZXJfaGFzaCI6IjI0OGNmZGQyOTYyMzkzYWQ0MmU4YTY4MTgyMTVmMjgzMDAwMGU0NjcifQ==','2020-09-18 05:31:36.076305'),('hgjbcie1sdti6t4p8hxfun7ds131lu0b','YTVjN2EwOTg2YWUyN2ExOTU2M2MyMTkyMTNhZDdmZWUxOTkyODFiNTp7Il9hdXRoX3VzZXJfaWQiOiIyMCIsIl9hdXRoX3VzZXJfYmFja2VuZCI6ImRqYW5nby5jb250cmliLmF1dGguYmFja2VuZHMuTW9kZWxCYWNrZW5kIiwiX2F1dGhfdXNlcl9oYXNoIjoiNWVhNWY0ZGNmZWNlODE3YzU0OGY3YWU3MzI1MTBiNDgzYzkxZmZkOSJ9','2020-09-11 21:59:18.820782'),('hokjnrp4epkj51429uiufyy9h51p5qhn','ZWQyZjUxZjc1ZjAxZjE2NTIzOGU2NGUxODg1Y2I0YTcxOWYzOWI4Njp7Il9hdXRoX3VzZXJfaWQiOiIzMjMiLCJfYXV0aF91c2VyX2JhY2tlbmQiOiJkamFuZ28uY29udHJpYi5hdXRoLmJhY2tlbmRzLk1vZGVsQmFja2VuZCIsIl9hdXRoX3VzZXJfaGFzaCI6ImIxNzc3MTAyNjliOWU3MmY3Zjk0ZTI0ODQ0NzdlYjRjNWJmNGNiYmUifQ==','2020-11-01 14:54:36.664710'),('hpam8r7y2yaqm8i0dgdoskex14muxntw','NzlhODZjNmY0MTZkODMyYTYxMGMyNzM0YzU2MDdjYWE2MGI2NDBlNjp7Il9hdXRoX3VzZXJfaWQiOiIxNDUiLCJfYXV0aF91c2VyX2JhY2tlbmQiOiJkamFuZ28uY29udHJpYi5hdXRoLmJhY2tlbmRzLk1vZGVsQmFja2VuZCIsIl9hdXRoX3VzZXJfaGFzaCI6IjQ0MTM5NWJhYmQyOTUwNTgwYWMwNDI3OGFkNDI4N2FiZWU0N2RjYzcifQ==','2020-09-13 17:17:03.406422'),('hvum4pbeb2pce80uslbvvohpnd3tdrzp','OGNmYmZhZjE0OGRkMGRlYzAyOTZmNDhjM2RhZGY3YzQwNjQ5M2NjMjp7Il9hdXRoX3VzZXJfaWQiOiI5MSIsIl9hdXRoX3VzZXJfYmFja2VuZCI6ImRqYW5nby5jb250cmliLmF1dGguYmFja2VuZHMuTW9kZWxCYWNrZW5kIiwiX2F1dGhfdXNlcl9oYXNoIjoiYjNlYjJjNTAzNzQ4ZDM4OWI1NWQyNjY5YjM2YjU3YTY2ZmM3OWEwNyJ9','2020-09-12 15:39:45.419953'),('i2xk2vmni7sf1f1njpbp1qai2bma0shc','ODE4NmZhMjMyYTUwOTA3MmRiODg2MDc3YjA0OWFjMzIzMDRiYzE1Zjp7Il9hdXRoX3VzZXJfaWQiOiIyMzUiLCJfYXV0aF91c2VyX2JhY2tlbmQiOiJkamFuZ28uY29udHJpYi5hdXRoLmJhY2tlbmRzLk1vZGVsQmFja2VuZCIsIl9hdXRoX3VzZXJfaGFzaCI6IjExYWNjNmFiNzI4ODAwNDU1N2ZhMzYxZDI2NzdkYmQ5MTY0NTViOTgifQ==','2020-09-15 09:22:23.749809'),('i3jk9jqrza2mfz72kekqifibw82k10fm','MjNhNjUyMDcwZTQ5ZTRmYTU4YjcyOTdlYWI4YTAxZDIyMjE3Yjc3ZDp7Il9hdXRoX3VzZXJfaWQiOiIyMTkiLCJfYXV0aF91c2VyX2JhY2tlbmQiOiJkamFuZ28uY29udHJpYi5hdXRoLmJhY2tlbmRzLk1vZGVsQmFja2VuZCIsIl9hdXRoX3VzZXJfaGFzaCI6IjljNmJiYjI3OTVlMDIwM2MxMDc2NzQzYmM3ZWExMmQzOWFlMGQ0YmUifQ==','2020-09-14 21:28:27.873873'),('ipy4yt3zto1aoni0048jlv86yyactlky','MzQ0MmFlZGQwZDNmZGFlNGViZmQzM2Y3YjEyZjQyMmQ4ZDRlYzU4OTp7Il9hdXRoX3VzZXJfaWQiOiIyODAiLCJfYXV0aF91c2VyX2JhY2tlbmQiOiJkamFuZ28uY29udHJpYi5hdXRoLmJhY2tlbmRzLk1vZGVsQmFja2VuZCIsIl9hdXRoX3VzZXJfaGFzaCI6Ijc0ODcyMjE1NzMzOTdkYTVkZDgyY2QxOTMyNzAzM2JjNDRmOGI2YjMifQ==','2020-09-19 13:26:33.970285'),('iw3y6sxqfwmowfmq5gvrh75mjyxynrxc','OTdlM2ViZjkzY2FkNzhiMGQ3NjI3NDdhYzI5YWUyOWNiZmEyOWVkNDp7Il9hdXRoX3VzZXJfaWQiOiIyNTAiLCJfYXV0aF91c2VyX2JhY2tlbmQiOiJkamFuZ28uY29udHJpYi5hdXRoLmJhY2tlbmRzLk1vZGVsQmFja2VuZCIsIl9hdXRoX3VzZXJfaGFzaCI6IjlmNDRjY2Y1ZDY1Yjk5MTY1ZDM5NWViMzgwYzBiM2Y1YmQ2NmVlMjUifQ==','2020-09-15 17:14:41.139737'),('j2192is821t9h7aq3yb3qa50o9nas3l9','Mjk4MzVlYWY1YjllMzM5YjI2Yzc5MDk1MTRjYzc0ODlhZmU5ZTkwNTp7Il9hdXRoX3VzZXJfaWQiOiIxNzAiLCJfYXV0aF91c2VyX2JhY2tlbmQiOiJkamFuZ28uY29udHJpYi5hdXRoLmJhY2tlbmRzLk1vZGVsQmFja2VuZCIsIl9hdXRoX3VzZXJfaGFzaCI6IjI4ZTAyY2YwOWE5ZThkODM1NjhkNTUxMTVmNzRlZDAzMjQ1YmUxZTAifQ==','2020-09-13 22:21:54.862185'),('j2ktawlkglfd9cwickiuz4hzsgadajse','YWRiMDM1YWZjZmViZmVlNDdiY2ZlYTcyZTUyZWZjNjgxZjc3NGNhZjp7Il9hdXRoX3VzZXJfaWQiOiIzMTkiLCJfYXV0aF91c2VyX2JhY2tlbmQiOiJkamFuZ28uY29udHJpYi5hdXRoLmJhY2tlbmRzLk1vZGVsQmFja2VuZCIsIl9hdXRoX3VzZXJfaGFzaCI6IjM1MjFhNTRkNDcxYzI2ODJmMmVkMTcxNzE2ZTgzZWQxNDQ1NThmMTEifQ==','2020-10-09 16:52:24.062608'),('jd93tarprwxnstr7a7gz8vvjqg51cq4u','ODNjNDAwZGY1MjM3OWQzZDZiNjA1MjliYTE2ZmEyZDEyMWE0YmRlZjp7Il9hdXRoX3VzZXJfaWQiOiIxODgiLCJfYXV0aF91c2VyX2JhY2tlbmQiOiJkamFuZ28uY29udHJpYi5hdXRoLmJhY2tlbmRzLk1vZGVsQmFja2VuZCIsIl9hdXRoX3VzZXJfaGFzaCI6IjM3MzA4ZjI5ODRmMWEwNGQyMzU0YzI4NWM4ZmE2NTAxMGVmNGRkNDAifQ==','2020-09-14 10:25:51.209772'),('jezm949nyci1bnbalhdo9yl4cxt3zm7v','ODY2NDcwMjIxZTYzOGFlZjNiOTgyMzMxMWE1M2EzOTZkOWRiNmMxOTp7Il9hdXRoX3VzZXJfaWQiOiIyODUiLCJfYXV0aF91c2VyX2JhY2tlbmQiOiJkamFuZ28uY29udHJpYi5hdXRoLmJhY2tlbmRzLk1vZGVsQmFja2VuZCIsIl9hdXRoX3VzZXJfaGFzaCI6ImQ1M2RjZTQwYTYzMjUwZjE1OTg1ZmJiMDg0Y2M1NWMzNTA0MmI4ZjIifQ==','2020-09-20 12:44:43.941745'),('jpbrp87z70079re8amj4jdi5gcae791x','ODI3NjgyNzhhNjNmMTIyNTgyMzQ5NjM5NzEyZDI2OTE3MjMxODZlNzp7Il9hdXRoX3VzZXJfaWQiOiIxMzAiLCJfYXV0aF91c2VyX2JhY2tlbmQiOiJkamFuZ28uY29udHJpYi5hdXRoLmJhY2tlbmRzLk1vZGVsQmFja2VuZCIsIl9hdXRoX3VzZXJfaGFzaCI6IjJhMDY1YzkzNzg3NjcwNGY0MWViYzA0MzZhYTJhMWU4Y2I5NmU0Y2IifQ==','2020-09-13 06:18:16.953590'),('jwdadiruxrxhskqbjrf2jf2o7vlupsdz','ZDJlMDZkMTIyNzVjYzE3ZjlmNWNmZmU4ZDM5MzNkMmE3YmIwMjllZTp7Il9hdXRoX3VzZXJfaWQiOiIzMyIsIl9hdXRoX3VzZXJfYmFja2VuZCI6ImRqYW5nby5jb250cmliLmF1dGguYmFja2VuZHMuTW9kZWxCYWNrZW5kIiwiX2F1dGhfdXNlcl9oYXNoIjoiNzk4NGRiYzU2ZjhmZDQxNDdmMzNlMzMxMTY4NDY5MTY2MDk5MmNmOCJ9','2020-09-11 22:57:04.667722'),('jwrf68nhekhxtcz2pjtzfogic2qrv5yy','NTFlYjRhODkxY2U2OWRiY2I4MzRhNTY2ZTU2NTQyNjNmODA1Y2FkZDp7Il9hdXRoX3VzZXJfaWQiOiIzMDAiLCJfYXV0aF91c2VyX2JhY2tlbmQiOiJkamFuZ28uY29udHJpYi5hdXRoLmJhY2tlbmRzLk1vZGVsQmFja2VuZCIsIl9hdXRoX3VzZXJfaGFzaCI6IjViZTU0ZmVlYmYxMDM2NmM5NmQ2ZjQ0NjAwOThhNzA1N2Y1YmFmOWYifQ==','2020-09-26 16:41:20.339443'),('k3hj02oc00x5xnfopo5pv9vdvfaw4790','Njk2ZmNiNzgzMTNiMTdkZDQxYjA3N2M5N2FmNjUwNDI3Njk1OWU2Mzp7Il9hdXRoX3VzZXJfaWQiOiIxMDAiLCJfYXV0aF91c2VyX2JhY2tlbmQiOiJkamFuZ28uY29udHJpYi5hdXRoLmJhY2tlbmRzLk1vZGVsQmFja2VuZCIsIl9hdXRoX3VzZXJfaGFzaCI6ImFjODM3NjE1ODkxNjhmNjI1MDBhYzdlMWFlMzA5Yjg1NTZlNmY2YTUifQ==','2020-09-12 16:33:23.910134'),('k6gzi9fsfy7ylysgk9damgmf7uilg4ij','NWQzZjRmZDQ4YzUwYmUyNjhjYzZjOGRiYWZmMzZjYmE2ZDg4N2MxZTp7Il9hdXRoX3VzZXJfaWQiOiIxMTgiLCJfYXV0aF91c2VyX2JhY2tlbmQiOiJkamFuZ28uY29udHJpYi5hdXRoLmJhY2tlbmRzLk1vZGVsQmFja2VuZCIsIl9hdXRoX3VzZXJfaGFzaCI6ImNhYmNmYzg1NGYzZWNiMDI0Y2I4YTNjY2NhNmQ2MDcyYzZhNzQyN2UifQ==','2020-09-13 17:10:39.020787'),('keymdbk6l7k5i48sqqo82saepv2h1dzv','Zjc2MzM5YTNkM2U5Y2M1ZjQyNGE2MDMxNjE2MmVjMzAwNGQ1ZTNkNTp7Il9hdXRoX3VzZXJfaWQiOiIxMTUiLCJfYXV0aF91c2VyX2JhY2tlbmQiOiJkamFuZ28uY29udHJpYi5hdXRoLmJhY2tlbmRzLk1vZGVsQmFja2VuZCIsIl9hdXRoX3VzZXJfaGFzaCI6ImVmZjExMzA4MWQ5ODVkZTYxMDg1OTUyOTk5M2EyZTk1ZGIyM2Q3OTQifQ==','2020-09-12 20:06:05.966274'),('khbi6ivl8yk1fh677l4fohbj3fvo61hg','OTAxNWI1YmY2OTJmNjU4NTYxZWUxZWNkOTljNDc2MDkwZmU4MjhmMjp7Il9hdXRoX3VzZXJfaWQiOiIyNTEiLCJfYXV0aF91c2VyX2JhY2tlbmQiOiJkamFuZ28uY29udHJpYi5hdXRoLmJhY2tlbmRzLk1vZGVsQmFja2VuZCIsIl9hdXRoX3VzZXJfaGFzaCI6IjBmNGFmMzYwNDkwYjBjZjhmYTJjYzljYjlhZDExOGE2M2FjZjhmMTMifQ==','2020-09-15 18:04:19.249795'),('ks60ys5c3gkq9hvq8zmm17xktnc4d7aq','OTgzZmFlNjQzMDM4YzZhNWRiYjNkNTJmOWI4MzZiMWQwYzE5ODM5YTp7Il9hdXRoX3VzZXJfaWQiOiIxOSIsIl9hdXRoX3VzZXJfYmFja2VuZCI6ImRqYW5nby5jb250cmliLmF1dGguYmFja2VuZHMuTW9kZWxCYWNrZW5kIiwiX2F1dGhfdXNlcl9oYXNoIjoiM2RhMDgxOGRhYTE1ZmJkMjMwMTBlOGVhYjY3MDgwOTdjMGU5YjYzZCJ9','2020-09-11 21:48:22.482559'),('ku156fuyoy64zc3vlyq2lwqrglvzmdfu','NGIwN2M4YTdiYWVlYmFhMjRiY2NjM2NlYmFlNTQ4ZTkzZjhiNGM5ODp7Il9hdXRoX3VzZXJfaWQiOiIxIiwiX2F1dGhfdXNlcl9iYWNrZW5kIjoiZGphbmdvLmNvbnRyaWIuYXV0aC5iYWNrZW5kcy5Nb2RlbEJhY2tlbmQiLCJfYXV0aF91c2VyX2hhc2giOiI5YzMxNWRlMDZhMWZmNjZhNzljOGUyOTg3YmZkOWIyNmI0ZjYxNWYxIn0=','2020-09-11 00:51:38.020747'),('kurvswiwdwhonghrhf3gdd9xpbg4wjgh','MWNjOGNjZTJkNDdkYTM0NWJhNjQ1OGE2ZTNjNzQ0ZDdiZjgzMTcyYTp7Il9hdXRoX3VzZXJfaWQiOiIyOSIsIl9hdXRoX3VzZXJfYmFja2VuZCI6ImRqYW5nby5jb250cmliLmF1dGguYmFja2VuZHMuTW9kZWxCYWNrZW5kIiwiX2F1dGhfdXNlcl9oYXNoIjoiOWJkOWY4N2E2YjYzY2ZiNmM0M2ZiZDY0OTAwYWQ2Njc3NzM2ZjEwZCJ9','2020-09-13 22:25:32.460577'),('kuse4wf57qbubsnfzlz5dsi09g4k72ix','YTRlY2E4OTU4NWE0M2IwMTA1NzkzODQyZjM2YjdiNTA3OGIyMTg4ZTp7Il9hdXRoX3VzZXJfaWQiOiIyNDkiLCJfYXV0aF91c2VyX2JhY2tlbmQiOiJkamFuZ28uY29udHJpYi5hdXRoLmJhY2tlbmRzLk1vZGVsQmFja2VuZCIsIl9hdXRoX3VzZXJfaGFzaCI6IjZhNTQzN2EzYjUwZjFkMzhhN2UxZjlhNGJmYjZmMzg5Nzg1NjRkNzgifQ==','2020-09-15 17:11:42.195904'),('kwf2d4cydzkiwxnk4nt7099uvk0i363o','NzcyZmNjZWExY2IwMjU4ZGI0M2E5YThiY2EyNTQ1YjM0OTZjNTE0Nzp7Il9hdXRoX3VzZXJfaWQiOiIyNDEiLCJfYXV0aF91c2VyX2JhY2tlbmQiOiJkamFuZ28uY29udHJpYi5hdXRoLmJhY2tlbmRzLk1vZGVsQmFja2VuZCIsIl9hdXRoX3VzZXJfaGFzaCI6ImNiYjQzMThhZTk0MWRlMTcyZTZlYjY1ZGZkOTcwZWJlMzIwMzgyZDMifQ==','2020-09-15 11:30:54.502642'),('l1axj5skfs74lmndklq5z7tg8qpuqu4e','MGYwMGVmMWM2MDRlMDBhMzE1Nzc2YzAwZDcxZWNmZDExZjIzMDg5MTp7Il9hdXRoX3VzZXJfaWQiOiIyNjciLCJfYXV0aF91c2VyX2JhY2tlbmQiOiJkamFuZ28uY29udHJpYi5hdXRoLmJhY2tlbmRzLk1vZGVsQmFja2VuZCIsIl9hdXRoX3VzZXJfaGFzaCI6ImZhMDg3ZTc1ZTkxMzEwNDgwYzIxODNmZjIwNDdhYjkwNDY2OGY2ODgifQ==','2020-09-17 17:45:55.660819'),('l9i1a3132cs90rdw8pkt5g3kb3w9dsxw','OGJlZjI5ZDhjNWYyMDFhODZhNzY3ZmNjNzA0Y2JhNGExNzg4NzBjNzp7Il9hdXRoX3VzZXJfaWQiOiIxMDciLCJfYXV0aF91c2VyX2JhY2tlbmQiOiJkamFuZ28uY29udHJpYi5hdXRoLmJhY2tlbmRzLk1vZGVsQmFja2VuZCIsIl9hdXRoX3VzZXJfaGFzaCI6IjYwMjVhZDdkMjM5YWZkYTVhZTgxMGFmZWVmOWFiZjdhMDdjMjlkNTgifQ==','2020-09-12 18:11:41.782920'),('laekrs4uv8g5julr901v7lxkfc3rcdtl','NGJhOWQxNDc3YjkyZTNlZWNkYzhlMzE4ODRiNTg0OGVlMDhjZDExMDp7Il9hdXRoX3VzZXJfaWQiOiIyNzkiLCJfYXV0aF91c2VyX2JhY2tlbmQiOiJkamFuZ28uY29udHJpYi5hdXRoLmJhY2tlbmRzLk1vZGVsQmFja2VuZCIsIl9hdXRoX3VzZXJfaGFzaCI6IjZiMmU0ZWZhMDdhNDk1ZjRmYzBlZjcxNDYzMjk2MDM2OGM2YTRkYzEifQ==','2020-09-19 03:04:47.580480'),('lamx9wkmlfrpvciswes0z68bxlox2qdh','OGIxMzFkZTQ5NTljMjk3YmJkYmYyNWNjMjEzYzRiYTc2NmFmNmZmNzp7Il9hdXRoX3VzZXJfaWQiOiIxMTMiLCJfYXV0aF91c2VyX2JhY2tlbmQiOiJkamFuZ28uY29udHJpYi5hdXRoLmJhY2tlbmRzLk1vZGVsQmFja2VuZCIsIl9hdXRoX3VzZXJfaGFzaCI6ImU1ZGFmN2RiMTJlYzFmYjcxMDBlZDI0YTliY2QwYmNjNjFmYjE0M2YifQ==','2020-09-26 21:08:40.207080'),('lehcgac3z6fxn0h2nqh7ghlxveeb7qoj','MzA1ZWQ2OGU3NTEzM2EwNjdkNDdiZTU2ODc1ZGI2ZDU4NmE0ODY0Yzp7Il9hdXRoX3VzZXJfaWQiOiIxNiIsIl9hdXRoX3VzZXJfYmFja2VuZCI6ImRqYW5nby5jb250cmliLmF1dGguYmFja2VuZHMuTW9kZWxCYWNrZW5kIiwiX2F1dGhfdXNlcl9oYXNoIjoiZTVlYTA5NGI1YzQ3OWU5NWQ3N2NlMzU3NTA5ZDFhM2IyY2MwMWIxZSJ9','2020-10-19 08:20:56.225784'),('li9f14yz83nu0ijfh4el09k1qv82wjed','ZTc3MGJjZGQ0NzhhMzQ3YTBjYmYyOGVmOTM2YTY2OWZlM2ZiYTBlZDp7Il9hdXRoX3VzZXJfaWQiOiIzMSIsIl9hdXRoX3VzZXJfYmFja2VuZCI6ImRqYW5nby5jb250cmliLmF1dGguYmFja2VuZHMuTW9kZWxCYWNrZW5kIiwiX2F1dGhfdXNlcl9oYXNoIjoiMzUxN2JjMTk3ZDkwYTQxNzg5MzY3YTEwYjliMWExM2Y0YTg1ZWQ2OCJ9','2020-09-14 07:06:49.635625'),('lom2of2ugze1hh5fbfah297d7eh4utc7','NGIwN2M4YTdiYWVlYmFhMjRiY2NjM2NlYmFlNTQ4ZTkzZjhiNGM5ODp7Il9hdXRoX3VzZXJfaWQiOiIxIiwiX2F1dGhfdXNlcl9iYWNrZW5kIjoiZGphbmdvLmNvbnRyaWIuYXV0aC5iYWNrZW5kcy5Nb2RlbEJhY2tlbmQiLCJfYXV0aF91c2VyX2hhc2giOiI5YzMxNWRlMDZhMWZmNjZhNzljOGUyOTg3YmZkOWIyNmI0ZjYxNWYxIn0=','2020-09-05 23:21:20.917528'),('lq5ia64fehsruutoopjhaiilknlggqy7','NjgxNWQ3MzE3YzhlYTE4YjA2N2NkYjc1N2JiOWI1Y2ExMmE2YmY4ZDp7Il9hdXRoX3VzZXJfaWQiOiIxMDUiLCJfYXV0aF91c2VyX2JhY2tlbmQiOiJkamFuZ28uY29udHJpYi5hdXRoLmJhY2tlbmRzLk1vZGVsQmFja2VuZCIsIl9hdXRoX3VzZXJfaGFzaCI6IjE5YWQwNDUyYmRhYjMzMDI1YmYyZjg3MzE4NjQxN2Y2MGViNjJlODMifQ==','2020-09-13 20:20:13.718795'),('m73uw7m515gqon0821r7oix8x84v77o5','YzNlODdjMjY0OGI4YjVlZjMxMjFhZjI2M2YwYTAzMmUwOWFlZDg1ZDp7Il9hdXRoX3VzZXJfaWQiOiIxMDkiLCJfYXV0aF91c2VyX2JhY2tlbmQiOiJkamFuZ28uY29udHJpYi5hdXRoLmJhY2tlbmRzLk1vZGVsQmFja2VuZCIsIl9hdXRoX3VzZXJfaGFzaCI6IjA5MjViM2ZkMGQ2ZTZlNmM3NDAzYWU3YTc2NjBkMTZhNTIxZDk3YjgifQ==','2020-09-12 18:21:12.624558'),('me5x9l5vjq1brbf5r5awu17kohsyw533','ZWVlZDNlZDE0NGNlM2RkMDg4OWM1NGNhNjA0MDdhZWEyZWE0MTQ1ZDp7Il9hdXRoX3VzZXJfaWQiOiIxNTIiLCJfYXV0aF91c2VyX2JhY2tlbmQiOiJkamFuZ28uY29udHJpYi5hdXRoLmJhY2tlbmRzLk1vZGVsQmFja2VuZCIsIl9hdXRoX3VzZXJfaGFzaCI6IjBhZWM5ZGZkZDc1OTg3NmI2NTc2NDk4ZWI1NzVjNTNmNDM1OTUwM2EifQ==','2020-09-13 18:25:09.793934'),('mgehplfmmgatoothgidhozsy2xy82ph1','ZjFmNjhiYmE0NTU4ZDYzMzI2YWEwM2U3YWUzZThlNTU0NmRkOGVmYTp7Il9hdXRoX3VzZXJfaWQiOiIyODQiLCJfYXV0aF91c2VyX2JhY2tlbmQiOiJkamFuZ28uY29udHJpYi5hdXRoLmJhY2tlbmRzLk1vZGVsQmFja2VuZCIsIl9hdXRoX3VzZXJfaGFzaCI6ImVlYzEzMGNhMjE2NjUwOWIwYTc0ZWFjMWY3MjFmZWNhYzFlZTA0ZDgifQ==','2020-09-20 11:15:36.139910'),('mi50hn31wh4uowf9hydxo6eyxolm3u7i','YmE0ZjViZDgzYjVmNzE2Mjg0YWI3MmU1ZDliYTEzOWNmMzhiNGE3MDp7Il9hdXRoX3VzZXJfaWQiOiI3NyIsIl9hdXRoX3VzZXJfYmFja2VuZCI6ImRqYW5nby5jb250cmliLmF1dGguYmFja2VuZHMuTW9kZWxCYWNrZW5kIiwiX2F1dGhfdXNlcl9oYXNoIjoiYWY5NTFhMGViZjdhM2MyMmFiNjg5M2FhMmM1YjQyMGYyZWI5YjU5ZCJ9','2020-09-12 12:40:28.550864'),('mky8nvefhyxugjrxytc1i5g7wq6a1hc3','ZTk0MzExMTI3NDA1YTMxNTBmMTljMzcwNzU0OTMyMjk0MmEwZWNlZTp7Il9hdXRoX3VzZXJfaWQiOiIyMTQiLCJfYXV0aF91c2VyX2JhY2tlbmQiOiJkamFuZ28uY29udHJpYi5hdXRoLmJhY2tlbmRzLk1vZGVsQmFja2VuZCIsIl9hdXRoX3VzZXJfaGFzaCI6ImVhMzY2MTc3ZmUwMGRkZjgyODkyOWY3YWQyMDVmMDc1MzhmYTM5NzMifQ==','2020-09-14 20:30:00.031961'),('mqv35hebd8woc7eh4o893dvvdjyvtgao','OTY3OGFmYjk0YzFmNjI5YWUyZDVkN2I4NTI3YjFmODcyODcyNjFlNTp7Il9hdXRoX3VzZXJfaWQiOiIzMjEiLCJfYXV0aF91c2VyX2JhY2tlbmQiOiJkamFuZ28uY29udHJpYi5hdXRoLmJhY2tlbmRzLk1vZGVsQmFja2VuZCIsIl9hdXRoX3VzZXJfaGFzaCI6ImUxOGJhNzJkOWZlN2YyNTRmNmViOWJjMjUzNmZhY2E5NmI1NjkwNDYifQ==','2020-10-10 14:39:51.444818'),('mubeoa2mry78i1o4sqsa36hlqisnasb3','ZWU3YmI4NWFkODNjYWZlMzY3MjQyNjIwZTg5ZjYyY2E3NWM1Zjk0Yjp7Il9hdXRoX3VzZXJfaWQiOiIxNjUiLCJfYXV0aF91c2VyX2JhY2tlbmQiOiJkamFuZ28uY29udHJpYi5hdXRoLmJhY2tlbmRzLk1vZGVsQmFja2VuZCIsIl9hdXRoX3VzZXJfaGFzaCI6IjI3MjZmZjdlZGMwZjM3OWUxNGNhNzkzZTRkMjZmNjVjOTM0NWZlNjkifQ==','2020-09-13 20:21:13.997383'),('mvsdfl7nz447pfj0sfs6sxemf6cbuz39','NTQ4MGYyMzU2NjRlYjE2NmJhY2Y5ZmI4MWIyOWYxNWMyMDg0ODFmODp7Il9hdXRoX3VzZXJfaWQiOiIyNzgiLCJfYXV0aF91c2VyX2JhY2tlbmQiOiJkamFuZ28uY29udHJpYi5hdXRoLmJhY2tlbmRzLk1vZGVsQmFja2VuZCIsIl9hdXRoX3VzZXJfaGFzaCI6IjQzNTBmYWM1ZDQzMDQyMzk4NjJjMjc2YzhhMmE5ZTQ5ZjNjZTZjNmEifQ==','2020-09-22 19:58:00.796505'),('n03mzcpidoodjxd8tyqem6fy7ily6kod','ZGE5ZTQ1OTIxMzlmZDYyYzVlZmU0NTZlNTg2MDlhNjc5MTk0ZTI2Zjp7Il9hdXRoX3VzZXJfaWQiOiIxNDciLCJfYXV0aF91c2VyX2JhY2tlbmQiOiJkamFuZ28uY29udHJpYi5hdXRoLmJhY2tlbmRzLk1vZGVsQmFja2VuZCIsIl9hdXRoX3VzZXJfaGFzaCI6ImM1OGFhM2MzNjdmMzQxNjk1MjU0OGZkOTA1ZGI1MzM5NmRiZmMzMjYifQ==','2020-09-13 17:20:47.540113'),('n28vzfkq02xmj4klb4q90u869pscfmlf','MjM4M2ExYjkxYjNlNTA5MmRmMDNiYzAyNGU2NTBmZTY5YTQzNDdjMDp7Il9hdXRoX3VzZXJfaWQiOiIyMzEiLCJfYXV0aF91c2VyX2JhY2tlbmQiOiJkamFuZ28uY29udHJpYi5hdXRoLmJhY2tlbmRzLk1vZGVsQmFja2VuZCIsIl9hdXRoX3VzZXJfaGFzaCI6ImQzZWU2NDZjZGE2Y2Q5ZWU5YWRmNzNmM2I2Mjc4YzgyZTBmOTBhNmUifQ==','2020-09-15 00:23:16.247278'),('n4zgepv23azlfi8ss8jrad4rzwrfx5e0','MjFjMDRhNDNmMDJjNWJiYTZjZTdiOTY4NjE1ZTMyOTNkNmFkNGNiNDp7Il9hdXRoX3VzZXJfaWQiOiIyOTgiLCJfYXV0aF91c2VyX2JhY2tlbmQiOiJkamFuZ28uY29udHJpYi5hdXRoLmJhY2tlbmRzLk1vZGVsQmFja2VuZCIsIl9hdXRoX3VzZXJfaGFzaCI6IjQ4MmRiZDU5YTBmOGYzYThmN2M0OWVhZTExYzUzNzZjNjBmOGFmNDEifQ==','2020-10-03 08:47:49.104192'),('nabpngcqyelmntg7h0ygs6mt2thp0jiv','ODQxYjhkZDU4M2IyMDcxYzQzNGNhMjJlNzIzYmRmZDk5YTE3ZmQyNTp7Il9hdXRoX3VzZXJfaWQiOiI4MiIsIl9hdXRoX3VzZXJfYmFja2VuZCI6ImRqYW5nby5jb250cmliLmF1dGguYmFja2VuZHMuTW9kZWxCYWNrZW5kIiwiX2F1dGhfdXNlcl9oYXNoIjoiOTg4OTFmZDFjN2VjYTU3MWU4ZDcyZmVmZjQzNmMyNzE1YWNkMmRlNyJ9','2020-09-12 13:28:19.247230'),('ndqiusnvg3my9w2aso4oobfgg3f91vn6','ZjczNDE0MGU4MjQ3NGZkMWNiZjdiNDc4M2ZmMmM4YWFhODg0NmE2Mjp7Il9hdXRoX3VzZXJfaWQiOiIxOTYiLCJfYXV0aF91c2VyX2JhY2tlbmQiOiJkamFuZ28uY29udHJpYi5hdXRoLmJhY2tlbmRzLk1vZGVsQmFja2VuZCIsIl9hdXRoX3VzZXJfaGFzaCI6IjdkMWFjYTJlMDI3YTllYTE4MTUxZDYxNjhhNzdhY2IwZDE2MGFhNDkifQ==','2020-09-14 14:59:28.479215'),('nhjm2evpdegcz874vltca1fd0g9nnyw9','MmQxY2QyODZiNTZmODNiNWNmMGNkMDUwZmIyZWQ2YTIzOTJjN2Q5ZDp7Il9hdXRoX3VzZXJfaWQiOiIxNTciLCJfYXV0aF91c2VyX2JhY2tlbmQiOiJkamFuZ28uY29udHJpYi5hdXRoLmJhY2tlbmRzLk1vZGVsQmFja2VuZCIsIl9hdXRoX3VzZXJfaGFzaCI6IjdmNWExNTY3YmE4ODYyNTc2YTVkNzgxYTk0MmRjZDM0Y2FlYWQ3MzMifQ==','2020-09-13 18:52:08.501977'),('nl3t9ocdbyym9utciomrppir5y6b7ckj','MmM5NTNlM2YwOWI0ZDZlN2ZiYjQ3YWJkMjM2MWU0OGUxZWFlYzM1OTp7Il9hdXRoX3VzZXJfaWQiOiIxOTAiLCJfYXV0aF91c2VyX2JhY2tlbmQiOiJkamFuZ28uY29udHJpYi5hdXRoLmJhY2tlbmRzLk1vZGVsQmFja2VuZCIsIl9hdXRoX3VzZXJfaGFzaCI6IjEwODgxYTlhMmEwMTJkMTM0MzUwYTVhNTNjNGVkZDFjODNhMmY1MTAifQ==','2020-09-14 11:28:04.918160'),('nq4dprx57xst19ya71q6fg5tnj116xvf','YmM5Yzc4OGY1MzAwY2I0NDA1NzI0YTBmMWUzZjI0MzdmMTkwNDU4Njp7Il9hdXRoX3VzZXJfaWQiOiIxMzIiLCJfYXV0aF91c2VyX2JhY2tlbmQiOiJkamFuZ28uY29udHJpYi5hdXRoLmJhY2tlbmRzLk1vZGVsQmFja2VuZCIsIl9hdXRoX3VzZXJfaGFzaCI6IjY1ZGY3OWM0YWQwM2JlYTU1YWEzNjJhYzQ5OTY3MDEwNDcwMTc3N2MifQ==','2020-09-13 08:10:55.012094'),('nuypy524iaj1ur0cmaosfosz3m5s4x3z','NThmOThkZjg2Nzc3MzgxODA0NjhhNWVlOWExODFiZWIyNmQyNWY1ZDp7Il9hdXRoX3VzZXJfaWQiOiIyODEiLCJfYXV0aF91c2VyX2JhY2tlbmQiOiJkamFuZ28uY29udHJpYi5hdXRoLmJhY2tlbmRzLk1vZGVsQmFja2VuZCIsIl9hdXRoX3VzZXJfaGFzaCI6ImNkNTNmNGJmNDYwNWQ2YzExMjA3NmYwN2MwMDA3NmZiNzg4YWYzYTMifQ==','2020-09-19 18:05:55.003556'),('nvi1eniy4tl20aglvdsp538pc0cd8qgi','Y2Y4YzQ5NDMyZDdkNzQ3MDA0NjNhMTFmYzQ4ODdkNmIyZWY2YjhkMDp7Il9hdXRoX3VzZXJfaWQiOiIyMTIiLCJfYXV0aF91c2VyX2JhY2tlbmQiOiJkamFuZ28uY29udHJpYi5hdXRoLmJhY2tlbmRzLk1vZGVsQmFja2VuZCIsIl9hdXRoX3VzZXJfaGFzaCI6ImUzMmY4MTI2MDg1ZTljNzk0YTJhMDgwMzliZjQxMWU3ZDE4NDgyNzIifQ==','2020-09-14 20:15:44.476907'),('nxzm36zaa9pufg1pilmkbimhmq2w3ptg','MGYwMGVmMWM2MDRlMDBhMzE1Nzc2YzAwZDcxZWNmZDExZjIzMDg5MTp7Il9hdXRoX3VzZXJfaWQiOiIyNjciLCJfYXV0aF91c2VyX2JhY2tlbmQiOiJkamFuZ28uY29udHJpYi5hdXRoLmJhY2tlbmRzLk1vZGVsQmFja2VuZCIsIl9hdXRoX3VzZXJfaGFzaCI6ImZhMDg3ZTc1ZTkxMzEwNDgwYzIxODNmZjIwNDdhYjkwNDY2OGY2ODgifQ==','2020-09-17 17:45:20.997198'),('o8l9b401mywr1qeyy2ndj2qlvg4h7o12','ODYyNDE4YzBjZjBkZmZhNzEwZTlkOTU4OTMzNGYxNTFkMTllNTliOTp7Il9hdXRoX3VzZXJfaWQiOiIzMDEiLCJfYXV0aF91c2VyX2JhY2tlbmQiOiJkamFuZ28uY29udHJpYi5hdXRoLmJhY2tlbmRzLk1vZGVsQmFja2VuZCIsIl9hdXRoX3VzZXJfaGFzaCI6IjEyNjU0NWIxNGI5ZjQwNmRjZjU2ZDk5ZWUwZjkyMWVjOTVjNWE0ZGEifQ==','2020-09-26 22:35:14.178891'),('ocp10fkhsq734i91vlpr4qkhxofvkrkm','YTkwNzE2MDdlY2IyNDJiNDM5OWZkODlhNTUzZWNmMzcwMjYxOWQzMzp7Il9hdXRoX3VzZXJfaWQiOiIyMzIiLCJfYXV0aF91c2VyX2JhY2tlbmQiOiJkamFuZ28uY29udHJpYi5hdXRoLmJhY2tlbmRzLk1vZGVsQmFja2VuZCIsIl9hdXRoX3VzZXJfaGFzaCI6IjQ2ZWViZWQ5ZTM2Mzc1ZDVjZTNjOTAzNTkzNjU5OGM1N2ZmNGE3MmIifQ==','2020-09-15 00:31:12.218133'),('oe6151hhp2r358gs67nz1a38hu2iypbz','NTdjNDUyY2VjNzJlOWNmODc5YzBjZDJhMmUyNTNkZmE3NWJhOWFlMTp7Il9hdXRoX3VzZXJfaWQiOiI0OSIsIl9hdXRoX3VzZXJfYmFja2VuZCI6ImRqYW5nby5jb250cmliLmF1dGguYmFja2VuZHMuTW9kZWxCYWNrZW5kIiwiX2F1dGhfdXNlcl9oYXNoIjoiNTgxN2UzZjhlZGQxMmRjNzcwMTM3YWYyODg2NDM5NTQ5YWQ0MmJmYSJ9','2020-09-12 00:21:29.046830'),('ogxnjwmlyplld6i3h9zmttlhmrbkfalq','Y2RmMzY2NGExM2FkM2E5ZGY2NWFlYmZlNzQzOTk4NGNkZDIzMzZhMTp7Il9hdXRoX3VzZXJfaWQiOiIxMjYiLCJfYXV0aF91c2VyX2JhY2tlbmQiOiJkamFuZ28uY29udHJpYi5hdXRoLmJhY2tlbmRzLk1vZGVsQmFja2VuZCIsIl9hdXRoX3VzZXJfaGFzaCI6Ijg3MjRiMTY4MDM4YWE3MTkwMTA3NTZjMWFlNGY3MjIzMTlhODEwNWYifQ==','2020-09-13 01:21:35.255865'),('oo6696uf4aebcs3jmd0t33hm3i8uxvhz','ODEwNjQ1NTZhNGVmNDJlYzcwODIyNWU4YTBkYTRhYTg2MzhkYWFiOTp7Il9hdXRoX3VzZXJfaWQiOiI5OSIsIl9hdXRoX3VzZXJfYmFja2VuZCI6ImRqYW5nby5jb250cmliLmF1dGguYmFja2VuZHMuTW9kZWxCYWNrZW5kIiwiX2F1dGhfdXNlcl9oYXNoIjoiZmFjODgwYTE3ZmM2OWMwNDMzMDBmOWIwOTUxNDYxZTc1Y2I2MTA3MyJ9','2020-09-12 16:31:55.074967'),('ovuu7yj1m8uauy8xwx7d0qk0yyjkqcvm','YTgxNmE0ODcxMjVlMmU3NzgyODE1YWE0MWIwODFhMDFjMWFiMmUyMzp7Il9hdXRoX3VzZXJfaWQiOiIyOSIsIl9hdXRoX3VzZXJfYmFja2VuZCI6ImRqYW5nby5jb250cmliLmF1dGguYmFja2VuZHMuTW9kZWxCYWNrZW5kIiwiX2F1dGhfdXNlcl9oYXNoIjoiMWE1ZTQ4ZWEyMjRiYzdlMDZlZjg5YzBjZGJkNWExNjc3Y2I1MDk2NCJ9','2020-10-25 17:58:35.081204'),('oy3m1xlylxpdocp3tz95pcrhsc2xmhda','ODA1YmU1MTQ1NjUzMDg3MjY1YmJjMTc4ZmViZTc0MTdiODQ4OWZlMTp7Il9hdXRoX3VzZXJfaWQiOiIxNDAiLCJfYXV0aF91c2VyX2JhY2tlbmQiOiJkamFuZ28uY29udHJpYi5hdXRoLmJhY2tlbmRzLk1vZGVsQmFja2VuZCIsIl9hdXRoX3VzZXJfaGFzaCI6IjA1NTM1NDkxOGZlNGVhZWRlOTUwYjVjOGExZmU0ZTIwMDIzYTNkYjMifQ==','2020-09-13 13:15:35.955556'),('p1jx5y8udb7v4vn5lrj0anad9qyw1one','NzQ1NmQzNzEzNmQ4ODE0Mzg1ZDNiZTMwNGM1NjI5NzA4NTc1MmQ0Mjp7Il9hdXRoX3VzZXJfaWQiOiI5OCIsIl9hdXRoX3VzZXJfYmFja2VuZCI6ImRqYW5nby5jb250cmliLmF1dGguYmFja2VuZHMuTW9kZWxCYWNrZW5kIiwiX2F1dGhfdXNlcl9oYXNoIjoiODFkOTk2YTIwZWJmZWIzYzFlZDc1MjhjZWYzNDcwMzkwZjc1ZjA2NiJ9','2020-09-12 16:19:03.922050'),('p4ta0j1ximco5sz01hvc338x7f7nt53n','NWE0ZmYzMjRmMDUwZjJiM2VkZTg1MDc5MDU0YmMxNWY1NjQ3MGVhZDp7Il9hdXRoX3VzZXJfaWQiOiIyMTciLCJfYXV0aF91c2VyX2JhY2tlbmQiOiJkamFuZ28uY29udHJpYi5hdXRoLmJhY2tlbmRzLk1vZGVsQmFja2VuZCIsIl9hdXRoX3VzZXJfaGFzaCI6IjkyY2NhZGY1NTY0MDhhYzMyNDg3YjMxZjZjNjAxZGM0ZTEzODk1N2EifQ==','2020-09-14 21:17:52.014864'),('p75fdyt9a4y70npqwgrnfo0341ghq8aw','NDdlN2Q5ODU3MDQzMzEyODA0ODQ1YmZjOTIzNTZiMjczNDk4MTI0YTp7Il9hdXRoX3VzZXJfaWQiOiIzNyIsIl9hdXRoX3VzZXJfYmFja2VuZCI6ImRqYW5nby5jb250cmliLmF1dGguYmFja2VuZHMuTW9kZWxCYWNrZW5kIiwiX2F1dGhfdXNlcl9oYXNoIjoiNGY0ODQxYzdlNjNjOGVhMTY1YmRkZjI5NzJkNGE3OWI2NTMxNTgxMSJ9','2020-09-11 23:13:47.017437'),('pkuxloekkek6xxe5hr2j2tvfm84xsrgm','MGYwMGVmMWM2MDRlMDBhMzE1Nzc2YzAwZDcxZWNmZDExZjIzMDg5MTp7Il9hdXRoX3VzZXJfaWQiOiIyNjciLCJfYXV0aF91c2VyX2JhY2tlbmQiOiJkamFuZ28uY29udHJpYi5hdXRoLmJhY2tlbmRzLk1vZGVsQmFja2VuZCIsIl9hdXRoX3VzZXJfaGFzaCI6ImZhMDg3ZTc1ZTkxMzEwNDgwYzIxODNmZjIwNDdhYjkwNDY2OGY2ODgifQ==','2020-10-09 16:59:02.617424'),('pox9zmn5fc0n5wh7ryhissfr1opg7mz2','ODhiMGVjMzgwNjQ5Y2U0MjIyN2RjMmFmOTc3MTk4YjYxMGY0ZGMyMTp7Il9hdXRoX3VzZXJfaWQiOiIyNSIsIl9hdXRoX3VzZXJfYmFja2VuZCI6ImRqYW5nby5jb250cmliLmF1dGguYmFja2VuZHMuTW9kZWxCYWNrZW5kIiwiX2F1dGhfdXNlcl9oYXNoIjoiMTc0ZmM2ZTVmYWU0YzVmNTQxODU4NGFkZjk3MThmMGI4YjAxMGM1YiJ9','2020-09-11 22:06:48.086620'),('ptl0msjyaf8h49qq4j2lrnujiaufekmh','NzZhZGU2MzRmY2E5MTYzMDIwOWE5MjAzNjg1OTMwMGM5MTcxNTdjMTp7Il9hdXRoX3VzZXJfaWQiOiIyOTIiLCJfYXV0aF91c2VyX2JhY2tlbmQiOiJkamFuZ28uY29udHJpYi5hdXRoLmJhY2tlbmRzLk1vZGVsQmFja2VuZCIsIl9hdXRoX3VzZXJfaGFzaCI6ImQzNWZlNzFlZjFhN2IxZDVlMDVhNDkyZTllY2E3ZDJiNDlmOWYzZWQifQ==','2020-09-22 22:48:27.519352'),('pwbobybncute776b1lexn4ea55rptoum','MTAwNWVlNzliNDliODhiNTQzZDE3YzBiMWRiZjI4MzUzODdkZGY0ZDp7Il9hdXRoX3VzZXJfaWQiOiIyODMiLCJfYXV0aF91c2VyX2JhY2tlbmQiOiJkamFuZ28uY29udHJpYi5hdXRoLmJhY2tlbmRzLk1vZGVsQmFja2VuZCIsIl9hdXRoX3VzZXJfaGFzaCI6IjczMTFhOWQ3ZmYzMzQwMWY3NWJlNmZjYTQ1ZjM5ZjNiYjAzYjgzZmIifQ==','2020-09-20 06:35:36.381413'),('qga1ppk1ayxz853vi9vziw20tbq1tfcs','MDUwNjQ0NGJlZGVjNzlmNWU3MWNlNGYyMjliNjJlYzRhZWU0ZTNjMzp7Il9hdXRoX3VzZXJfaWQiOiI1NCIsIl9hdXRoX3VzZXJfYmFja2VuZCI6ImRqYW5nby5jb250cmliLmF1dGguYmFja2VuZHMuTW9kZWxCYWNrZW5kIiwiX2F1dGhfdXNlcl9oYXNoIjoiNTgxN2VmNzEzMjNiNmIzMmE3NDFiNjcxMDA5ZDE3Y2RkM2ZiMDNmMiJ9','2020-09-12 00:59:11.479448'),('qjyyspvuj4ra6ipzepgmjrv3eqr9f0mg','YWY1NGZmM2MwMGZjOGYyYzhmYWQ5OWMwZWQ4MGQxYTMwOWZmZGM1Mzp7Il9hdXRoX3VzZXJfaWQiOiI4NCIsIl9hdXRoX3VzZXJfYmFja2VuZCI6ImRqYW5nby5jb250cmliLmF1dGguYmFja2VuZHMuTW9kZWxCYWNrZW5kIiwiX2F1dGhfdXNlcl9oYXNoIjoiY2ZiNzRkOGJmNTY2Mjk4Y2E1NTdmODgyYjZhODY0MmFmODQ3ZDRhYyJ9','2020-09-12 19:10:45.594205'),('qtmhk51qivngw4m9egkq8ou6yxt3n380','OTYyOWQ3MWU0MjY5NmRhZjkyMGY4ZDdhNjdiMTFmODU3ZDUzZDdlZTp7Il9hdXRoX3VzZXJfaWQiOiI5MCIsIl9hdXRoX3VzZXJfYmFja2VuZCI6ImRqYW5nby5jb250cmliLmF1dGguYmFja2VuZHMuTW9kZWxCYWNrZW5kIiwiX2F1dGhfdXNlcl9oYXNoIjoiYjQ4ZGM3YjZhNjFhMGIxNDBlY2RkMjEzNmQ1MjU3ZGY0OGM3MmFlZSJ9','2020-09-12 15:38:57.476516'),('qxkjno83fxvnon4bf289px8wtbm9uog8','YzUzMWRkMjBlYzExMjVhODUzMDMyNGY1NmU0ZDM1Nzc3ODk1MTY2YTp7Il9hdXRoX3VzZXJfaWQiOiI3MCIsIl9hdXRoX3VzZXJfYmFja2VuZCI6ImRqYW5nby5jb250cmliLmF1dGguYmFja2VuZHMuTW9kZWxCYWNrZW5kIiwiX2F1dGhfdXNlcl9oYXNoIjoiZGNmMDUyNDA1MjI3YmVmODc0MmVlY2UzNTQyNzUxZTU4MmRlZjhlYSJ9','2020-09-12 11:09:34.328386'),('r473tw8m0g22v2cjxe1zj9qhrjb59zg5','YmFmODk4MmI3NDhjZTdhYmY2YWM3NmZmMzJiOTg4ZWI4NzNiZjAwZjp7Il9hdXRoX3VzZXJfaWQiOiIyMDIiLCJfYXV0aF91c2VyX2JhY2tlbmQiOiJkamFuZ28uY29udHJpYi5hdXRoLmJhY2tlbmRzLk1vZGVsQmFja2VuZCIsIl9hdXRoX3VzZXJfaGFzaCI6IjI0NWY1ZDcxOGRkNWZkNWViMzEyMTczYzNjYzIzOGE3NTMyZTM5OTQifQ==','2020-09-14 17:26:02.428062'),('r97sgf0xf4tkh8efjgysukp7iyj9izvh','OWFjYzQ1NDI2ODRjMGFiYzJjNDM3MDUwOTY5MWUwYTgwZDJlM2YyNDp7Il9hdXRoX3VzZXJfaWQiOiI2NiIsIl9hdXRoX3VzZXJfYmFja2VuZCI6ImRqYW5nby5jb250cmliLmF1dGguYmFja2VuZHMuTW9kZWxCYWNrZW5kIiwiX2F1dGhfdXNlcl9oYXNoIjoiMjUwM2E4Y2RlMDk5ZDQyODlkN2EwOTZhZTJmYWI1ZjkxOGQwZDFmNCJ9','2020-09-12 07:29:14.664819'),('rpb37lr9gud248pr6idgtgbwmcjvlrbo','ZGRhOGRmYjc1ZDdjMGNlNzk2NzVkNTFkZmNjZWFhYjM0MGZiNTU0Mzp7Il9hdXRoX3VzZXJfaWQiOiI2NyIsIl9hdXRoX3VzZXJfYmFja2VuZCI6ImRqYW5nby5jb250cmliLmF1dGguYmFja2VuZHMuTW9kZWxCYWNrZW5kIiwiX2F1dGhfdXNlcl9oYXNoIjoiNGMyZWJjN2MxNzI0MzIxYWNlZDQwMjYxZWVkZDQzZDAzMTdhMzAzMyJ9','2020-09-12 08:29:34.107133'),('rx4li5delv07mdcrvnfpp4pj8734hic8','NDI1YmM0ZDM0NWI1MWJhMDY0Y2RhYjFiMTc3MzUwYjUwZGY5MTU3Njp7Il9hdXRoX3VzZXJfaWQiOiI3OCIsIl9hdXRoX3VzZXJfYmFja2VuZCI6ImRqYW5nby5jb250cmliLmF1dGguYmFja2VuZHMuTW9kZWxCYWNrZW5kIiwiX2F1dGhfdXNlcl9oYXNoIjoiZDFiMWQ3Yjc5NDVhYTMwYTRkNjBjMjRhZDMxMDlmYjllMjBiNjZkZSJ9','2020-09-12 12:43:06.390173'),('ryu2a1ty4k30gw2cp1wuq67jr5vc3fal','NjU1N2U1ZGEwMjAwNGQ4MzBhMWZiZTFjODcyNTgxNmIwZDk5NzFlZTp7Il9hdXRoX3VzZXJfaWQiOiIzMDIiLCJfYXV0aF91c2VyX2JhY2tlbmQiOiJkamFuZ28uY29udHJpYi5hdXRoLmJhY2tlbmRzLk1vZGVsQmFja2VuZCIsIl9hdXRoX3VzZXJfaGFzaCI6IjQwNDI5NjY5ZjBmMTZhYTdkOWVmNjgzYWYwZDExZjg5MzljYThhYmMifQ==','2020-09-27 18:31:46.433822'),('s2catwqclf3amehiucs09ymk9wumg6gf','NTY2NTE0OWUzN2UxZTNmNDg3YWJiZmRhMmQ3NGU0Y2MxZThlZTg2Njp7Il9hdXRoX3VzZXJfaWQiOiIxOTciLCJfYXV0aF91c2VyX2JhY2tlbmQiOiJkamFuZ28uY29udHJpYi5hdXRoLmJhY2tlbmRzLk1vZGVsQmFja2VuZCIsIl9hdXRoX3VzZXJfaGFzaCI6Ijg1ZmMyYjNlYTg4NTNjZjc0MTA1NzcxMWEyOTdmYmZjMzI0YTgyZDQifQ==','2020-09-14 15:10:03.002638'),('s34iiodq313cne1myj3b68q080sp1apa','OTMwM2EyYmU5MmM0M2NkMjZlYzBlOWFhNjQ2MDk1ODgzNmExMjIyYTp7Il9hdXRoX3VzZXJfaWQiOiIyMjUiLCJfYXV0aF91c2VyX2JhY2tlbmQiOiJkamFuZ28uY29udHJpYi5hdXRoLmJhY2tlbmRzLk1vZGVsQmFja2VuZCIsIl9hdXRoX3VzZXJfaGFzaCI6ImQ5ZDI3ZDdhNDVlYWQ2OTkzZTEzNTUyZTVhNGZlYTU3NjFhNDJmMmEifQ==','2020-09-14 22:40:10.027149'),('s593rm0414hp3n0jy26csi5a8lga2ik7','MTUyYWVhMjhiNTNmZDIzYTNmMzQ5MjZkNjA2Nzc5YjViOWRiMGQ0MDp7Il9hdXRoX3VzZXJfaWQiOiI0IiwiX2F1dGhfdXNlcl9iYWNrZW5kIjoiZGphbmdvLmNvbnRyaWIuYXV0aC5iYWNrZW5kcy5Nb2RlbEJhY2tlbmQiLCJfYXV0aF91c2VyX2hhc2giOiI4MmEwOTM5Yzk5NWFiYWE0Y2YzZGFmOTZkMGU0OWI5NzRiYjE4YTIwIn0=','2020-09-06 11:02:57.194800'),('si63bxxl74xnjn34zswk3lwavwfsh5uq','N2U3YzFkODI0ZTViZWNmZmU2ZjE4MmY4MjRkNDMwNzNkMjk5MzExYjp7Il9hdXRoX3VzZXJfaWQiOiIxMjkiLCJfYXV0aF91c2VyX2JhY2tlbmQiOiJkamFuZ28uY29udHJpYi5hdXRoLmJhY2tlbmRzLk1vZGVsQmFja2VuZCIsIl9hdXRoX3VzZXJfaGFzaCI6ImFhZGFiYzExYjBhNWY3YTkyZTNhYTRjMWJmNmQ3MDM0NTMxNDJhZDIifQ==','2020-09-13 05:54:46.916346'),('suuzuk9q86yvtohcr7iex0cw473oxiqu','MDA3YzUyNzNlMmZiOTU0OWE0ODUwMjZmNzY5ODc3ZGJiOTU0Yjc5Nzp7Il9hdXRoX3VzZXJfaWQiOiIzMDciLCJfYXV0aF91c2VyX2JhY2tlbmQiOiJkamFuZ28uY29udHJpYi5hdXRoLmJhY2tlbmRzLk1vZGVsQmFja2VuZCIsIl9hdXRoX3VzZXJfaGFzaCI6IjdlOThkNGE3ZTYzMTdkZmNiNjg3MTg0NmNkOWQ3MWE4YjhmOWNlMzgifQ==','2020-09-30 16:26:00.458888'),('sw9yr78wh1bxxi215dcuzjwbsunaikeh','ZGU1MjBmN2JjZTZlODY1NDlmZWE1MWQ3ODVmM2U2MjAxYjhmNzRmZjp7Il9hdXRoX3VzZXJfaWQiOiIxODYiLCJfYXV0aF91c2VyX2JhY2tlbmQiOiJkamFuZ28uY29udHJpYi5hdXRoLmJhY2tlbmRzLk1vZGVsQmFja2VuZCIsIl9hdXRoX3VzZXJfaGFzaCI6IjgzMjA4ZDAwYjYyZDMzMTgzZTY4YWY1ZjQxZDU3MmU5NmM2ZmM1MzEifQ==','2020-09-14 09:24:43.584714'),('t28lvu4owssfmr4qmxwoirch0xzkdg9d','YTNjNDcwOGQ3ODE4MmQxYWYyMjA2NThkYTY0NmVhZDAwMGM5Zjc5Yzp7Il9hdXRoX3VzZXJfaWQiOiIxMzQiLCJfYXV0aF91c2VyX2JhY2tlbmQiOiJkamFuZ28uY29udHJpYi5hdXRoLmJhY2tlbmRzLk1vZGVsQmFja2VuZCIsIl9hdXRoX3VzZXJfaGFzaCI6Ijg2ZTg3ZmU2ODM1ZjA1Yzk0NTA3MDU4MjY0MDM0YzdiMDI3Y2RjZWQifQ==','2020-09-13 08:56:38.905585'),('tbs4dpjahtf5uziwu9xpuagw7e8hscce','NmQ0NzRlYWU0MDg1M2EzMThkMjcxY2M5YmI4MWU5ZjllMWU4NTY3Zjp7Il9hdXRoX3VzZXJfaWQiOiIyMjIiLCJfYXV0aF91c2VyX2JhY2tlbmQiOiJkamFuZ28uY29udHJpYi5hdXRoLmJhY2tlbmRzLk1vZGVsQmFja2VuZCIsIl9hdXRoX3VzZXJfaGFzaCI6IjBlYzcxYWM4YjFiNWJiMTdmNDM3MjM3OGNkZDQ2ZTBmODk4ZjI4MDcifQ==','2020-09-14 21:41:00.114754'),('temxxu59pvjocydu40u6w0fmjkh3tfdf','MjFmZmY5M2FhMGZjN2JlNGU1ZmI1YTQ5OWNhZjliMjBhOTBkNGQxNjp7Il9hdXRoX3VzZXJfaWQiOiIxNjIiLCJfYXV0aF91c2VyX2JhY2tlbmQiOiJkamFuZ28uY29udHJpYi5hdXRoLmJhY2tlbmRzLk1vZGVsQmFja2VuZCIsIl9hdXRoX3VzZXJfaGFzaCI6IjU4YjEzOTI1ZjA0ZWMwZGEzYmJhYjBjYWI1YmZlY2FlM2Y1MWIyMGUifQ==','2020-09-13 19:31:44.336117'),('tfzj5xiuu0moxair96g5i3mu7iujk7z6','Zjc5NmM2YTFiNDUwZjMxNGExOTAwMWU4MzZiMDA3NWZhOGY2YTZhZjp7Il9hdXRoX3VzZXJfaWQiOiIxNzUiLCJfYXV0aF91c2VyX2JhY2tlbmQiOiJkamFuZ28uY29udHJpYi5hdXRoLmJhY2tlbmRzLk1vZGVsQmFja2VuZCIsIl9hdXRoX3VzZXJfaGFzaCI6ImUyMDlmMTBmOWNlMzVkYzAzODE1OWYzYjRiNzZmZjdhMTUyOTFmNTYifQ==','2020-09-14 00:35:54.284094'),('th843wtjajfx9de26u91f01jrxpigtur','MzQ1NTA1NjA5OTI2MmQ5MGQzMWU1MTg3MmQ0YzgzNGY4MjkwNTkwYTp7Il9hdXRoX3VzZXJfaWQiOiIxNjAiLCJfYXV0aF91c2VyX2JhY2tlbmQiOiJkamFuZ28uY29udHJpYi5hdXRoLmJhY2tlbmRzLk1vZGVsQmFja2VuZCIsIl9hdXRoX3VzZXJfaGFzaCI6ImRlYmQxOWZlZjk4N2IzNDUyNTE4NTNjYWRlZmZkOTY2ZTkzMTRjYTYifQ==','2020-09-13 19:15:44.640194'),('tjhbqst8kezxwg0sp8qa1unuhze1bqkr','N2MxNTMxYWE4MWQwNjRhMWNhZTNiOTYzZDdhZDEyY2Y3ZmQ1NmIzZDp7Il9hdXRoX3VzZXJfaWQiOiIxNjMiLCJfYXV0aF91c2VyX2JhY2tlbmQiOiJkamFuZ28uY29udHJpYi5hdXRoLmJhY2tlbmRzLk1vZGVsQmFja2VuZCIsIl9hdXRoX3VzZXJfaGFzaCI6ImFiOGM5MTAxMTNjYzYyZGI1NzU2MjI2ZjBhYWRjMmMzMzRjN2MwMGUifQ==','2020-09-13 20:09:55.681864'),('tpym167pu0586bpu27y4efsrz3v0jzzj','Y2E1NGI3YTlmOGMyYjBkNTc0ZGM3ZjVhNWQ2ZDc0OTFjZmQwYmI5Zjp7Il9hdXRoX3VzZXJfaWQiOiIxMDEiLCJfYXV0aF91c2VyX2JhY2tlbmQiOiJkamFuZ28uY29udHJpYi5hdXRoLmJhY2tlbmRzLk1vZGVsQmFja2VuZCIsIl9hdXRoX3VzZXJfaGFzaCI6ImVlNGY0MDA0OWY3NTk4NDU1MTFjMzhiZWVmNGMzNDMzMTU5OWZlYWQifQ==','2020-09-12 16:34:08.970162'),('trbwpr2oukkefe3t51zj0oz3xjrpy3no','MzZkMjVjZWYwZWU5OTM5YjJiZjk0MTk5NTExN2U5NjQ2MjI5ZDNlYzp7Il9hdXRoX3VzZXJfaWQiOiIxNTUiLCJfYXV0aF91c2VyX2JhY2tlbmQiOiJkamFuZ28uY29udHJpYi5hdXRoLmJhY2tlbmRzLk1vZGVsQmFja2VuZCIsIl9hdXRoX3VzZXJfaGFzaCI6ImUyYzY1NGIwODdiNzQzOGFiZDcxZmQ2NjgwYzNlMTI1OGRmODFlMTYifQ==','2020-09-13 18:31:01.828082'),('u46okfxg5sz0odbnnalhlckpo4plixjv','MThkODFjYTk3MDFmZWI1MzMyODk0Yjk0MzM5MDFiMjcwZjdlZTAwOTp7Il9hdXRoX3VzZXJfaWQiOiI2OCIsIl9hdXRoX3VzZXJfYmFja2VuZCI6ImRqYW5nby5jb250cmliLmF1dGguYmFja2VuZHMuTW9kZWxCYWNrZW5kIiwiX2F1dGhfdXNlcl9oYXNoIjoiM2QyODFjNTMzMWQxOTI3YjY5OWExZGY2ODMwNjg5NDk4NTY5MWRiMiJ9','2020-09-12 08:49:21.458152'),('uc62vkp63dgat7thtemwl09en2wxv1wr','MGYwMGVmMWM2MDRlMDBhMzE1Nzc2YzAwZDcxZWNmZDExZjIzMDg5MTp7Il9hdXRoX3VzZXJfaWQiOiIyNjciLCJfYXV0aF91c2VyX2JhY2tlbmQiOiJkamFuZ28uY29udHJpYi5hdXRoLmJhY2tlbmRzLk1vZGVsQmFja2VuZCIsIl9hdXRoX3VzZXJfaGFzaCI6ImZhMDg3ZTc1ZTkxMzEwNDgwYzIxODNmZjIwNDdhYjkwNDY2OGY2ODgifQ==','2020-09-27 18:12:49.134994'),('ug756w57zdino8a8qfrz1e65x1ou6348','OGI1YTMyYmQwMTQyYTNiZjY0NjMzMWY4NTk3MmEwMDU4ZTc0MDYxNDp7Il9hdXRoX3VzZXJfaWQiOiI5MiIsIl9hdXRoX3VzZXJfYmFja2VuZCI6ImRqYW5nby5jb250cmliLmF1dGguYmFja2VuZHMuTW9kZWxCYWNrZW5kIiwiX2F1dGhfdXNlcl9oYXNoIjoiZjg3OWE1YzViZTVkNDEwMzRjODAxNDBkMDA2ODEzZDNjOTM0YTI1YSJ9','2020-09-13 11:21:28.591036'),('uijm54jm179hf77oni1ql4i6552u9eid','MDlmYjMzNTZmNGQ1MTVlMzQ0ZGJhZTcwZGZhNGNhMTM4MDBiMWQyMzp7Il9hdXRoX3VzZXJfaWQiOiIxOTUiLCJfYXV0aF91c2VyX2JhY2tlbmQiOiJkamFuZ28uY29udHJpYi5hdXRoLmJhY2tlbmRzLk1vZGVsQmFja2VuZCIsIl9hdXRoX3VzZXJfaGFzaCI6IjhhOGVlMzEwODY3OWY5ZGEyYjNkYzIwNzUzMzVmMTJhMzc2YTc2MzcifQ==','2020-09-14 14:49:06.184754'),('ulczbownevddwcd0tymot6mv6rl37kbg','ODUxYTVkODVlOGRkZGRhMDZkOTU2Yjg5NTk5OWU5NzlkYWYxYTMwYTp7Il9hdXRoX3VzZXJfaWQiOiIyIiwiX2F1dGhfdXNlcl9iYWNrZW5kIjoiZGphbmdvLmNvbnRyaWIuYXV0aC5iYWNrZW5kcy5Nb2RlbEJhY2tlbmQiLCJfYXV0aF91c2VyX2hhc2giOiI0NjBhOTkzYTY5MWI4ZjI3NmJiMTA0ZGU5MTBjM2Y4NTk3OGVkMzI5In0=','2020-10-03 20:52:59.255386'),('uqz5xmi17zo5p9yzkjs4d5nimrss0hxs','YzNlODdjMjY0OGI4YjVlZjMxMjFhZjI2M2YwYTAzMmUwOWFlZDg1ZDp7Il9hdXRoX3VzZXJfaWQiOiIxMDkiLCJfYXV0aF91c2VyX2JhY2tlbmQiOiJkamFuZ28uY29udHJpYi5hdXRoLmJhY2tlbmRzLk1vZGVsQmFja2VuZCIsIl9hdXRoX3VzZXJfaGFzaCI6IjA5MjViM2ZkMGQ2ZTZlNmM3NDAzYWU3YTc2NjBkMTZhNTIxZDk3YjgifQ==','2020-09-12 19:00:45.246200'),('us04vylbiw0lr070cxsqjqmuhfyjwvn5','N2Y5ZjhjZjRjNzAxYTE3Yjc4M2E5OGI1M2NlYzUwYzFlNzZmZjdkYjp7Il9hdXRoX3VzZXJfaWQiOiIyMzgiLCJfYXV0aF91c2VyX2JhY2tlbmQiOiJkamFuZ28uY29udHJpYi5hdXRoLmJhY2tlbmRzLk1vZGVsQmFja2VuZCIsIl9hdXRoX3VzZXJfaGFzaCI6IjNjM2Q5ZTc2NzgzZDExZWZiNjMyN2Q3ZmU0YTRkNzJhNWY3MWMzODIifQ==','2020-09-15 10:34:44.565885'),('v2i7num0ui2coxvhhwg84pe5bxqahz9t','OGVhM2IwNzg0YmI3OWMzNDJiNjQ1NGRmMzM5ZDRhODMyMDAzMjZiZTp7Il9hdXRoX3VzZXJfaWQiOiI4OSIsIl9hdXRoX3VzZXJfYmFja2VuZCI6ImRqYW5nby5jb250cmliLmF1dGguYmFja2VuZHMuTW9kZWxCYWNrZW5kIiwiX2F1dGhfdXNlcl9oYXNoIjoiMzkyMTU1MzU5MzgyZDdkODFkYWU3MDQyMzFiZGVlZDdhYmFiNmFkMiJ9','2020-09-12 15:32:35.473289'),('v4a9opitvtna4lka9ujxqv4k0ydl24h5','YjZhMjRlZDVmYTk0MmIzOWRjYzEzM2Q4MzFlNWU4NWNiN2Q1MjExZDp7Il9hdXRoX3VzZXJfaWQiOiIyNzUiLCJfYXV0aF91c2VyX2JhY2tlbmQiOiJkamFuZ28uY29udHJpYi5hdXRoLmJhY2tlbmRzLk1vZGVsQmFja2VuZCIsIl9hdXRoX3VzZXJfaGFzaCI6ImJlMGVhZmUyNGJmNGFmNzAyYTViNzYzNmQ2MGJhNGMzMzU0Mzc1MDQifQ==','2020-09-18 21:38:01.888954'),('v5mst8pfb8db21a0sdvkyh9b1j7ng7l1','ODgwNzY3MzNjNzYyMmY1ZmQ2Y2RjYjY5ZjY1MmJmMGYyNzI0MjE5Zjp7Il9hdXRoX3VzZXJfaWQiOiIyODYiLCJfYXV0aF91c2VyX2JhY2tlbmQiOiJkamFuZ28uY29udHJpYi5hdXRoLmJhY2tlbmRzLk1vZGVsQmFja2VuZCIsIl9hdXRoX3VzZXJfaGFzaCI6ImU5MjJjZjUxYzdkYWVjYWFkNDU4ZDg1ZDBjMWRlZDVhOWJjY2VkYTAifQ==','2020-09-21 09:54:05.354371'),('vbxtnzh2ehz60cx6xxze8fh508yicljq','N2M5ZDU0YjNiZTI2NTg0NTFkYzc4MzkyZmQzYzE1NjU5ZDM4NDU5Yzp7Il9hdXRoX3VzZXJfaWQiOiIzMTAiLCJfYXV0aF91c2VyX2JhY2tlbmQiOiJkamFuZ28uY29udHJpYi5hdXRoLmJhY2tlbmRzLk1vZGVsQmFja2VuZCIsIl9hdXRoX3VzZXJfaGFzaCI6IjViMGQ1NDY2OTU4OGY1OGVlZDAxZDUzYzE0YjNjOTFlMjY1OThjZDIifQ==','2020-10-02 19:33:35.390392'),('ve7ltcxxs9q5rroipj6q7jog0e6ecwe3','N2U5ODgyMmNiNzgzZGQyMmJlMjBhMmZiYzExOTc5ZTg0ZjQwNjNmNjp7Il9hdXRoX3VzZXJfaWQiOiIyMyIsIl9hdXRoX3VzZXJfYmFja2VuZCI6ImRqYW5nby5jb250cmliLmF1dGguYmFja2VuZHMuTW9kZWxCYWNrZW5kIiwiX2F1dGhfdXNlcl9oYXNoIjoiNmQ1ZDVmOTNjMWEwZmVmN2I3MjEwMTlmMjcxMmIwYThmZmFjNDFmYiJ9','2020-09-11 22:04:15.109410'),('vfcjq1wppsmpwif2443of2x9vq5dmh40','ZTg4ZjZiN2Q4NGU3NDZjOGQ0N2Q2ZDJkYjY4ZDFmMzQxNmU0MTRhZjp7Il9hdXRoX3VzZXJfaWQiOiIzNSIsIl9hdXRoX3VzZXJfYmFja2VuZCI6ImRqYW5nby5jb250cmliLmF1dGguYmFja2VuZHMuTW9kZWxCYWNrZW5kIiwiX2F1dGhfdXNlcl9oYXNoIjoiMTRhMDNjN2E4M2ZkNjFhNjgzZTI5NjE3Y2Y1OTBhYjM0N2FjMWUxZiJ9','2020-09-11 23:02:11.298415'),('vi0q302n0j6fmuxohriuwe66hvumxzkp','ODU5MzUzMDQyZWNhNjM4ZDg0NjkzZDM5ZWY5ZDVlZjEwNDhhMGUyNTp7Il9hdXRoX3VzZXJfaWQiOiIyMjYiLCJfYXV0aF91c2VyX2JhY2tlbmQiOiJkamFuZ28uY29udHJpYi5hdXRoLmJhY2tlbmRzLk1vZGVsQmFja2VuZCIsIl9hdXRoX3VzZXJfaGFzaCI6Ijg5OGVkMmE0MmIwMDE4MTAzZmI0YWFmZjkzZjE2MzBmMjY2MjgxZGQifQ==','2020-09-14 23:22:44.315331'),('vmjlqkfa0my5oampwz2i78754v3pfhvv','OGJiMjU3Y2E3MGY5MzljNjEwYTYzNmM5N2U5NjE4MTlkY2EzNTUyODp7Il9hdXRoX3VzZXJfaWQiOiIyNDUiLCJfYXV0aF91c2VyX2JhY2tlbmQiOiJkamFuZ28uY29udHJpYi5hdXRoLmJhY2tlbmRzLk1vZGVsQmFja2VuZCIsIl9hdXRoX3VzZXJfaGFzaCI6IjQ0YjY0ZDBkNmMwMjJhYzc1MjJmMDdiMmFjNjIxNWRjMThjZTg3ZWUifQ==','2020-09-15 20:44:13.090264'),('vmps3coqowchkazo34vz6uncgjc1j31p','ODUyNjE1YzZkMjcxZTQ0ODZlNzBmZmYwMzFmMTI4MTIyOTYyMjJjMTp7Il9hdXRoX3VzZXJfaWQiOiIyMzQiLCJfYXV0aF91c2VyX2JhY2tlbmQiOiJkamFuZ28uY29udHJpYi5hdXRoLmJhY2tlbmRzLk1vZGVsQmFja2VuZCIsIl9hdXRoX3VzZXJfaGFzaCI6ImY4MmJjODE5NGQxZDM5YjkxYzI0MDA3ZjYyYmI4NzA4MmNkNmRjMWUifQ==','2020-09-15 02:37:36.047956'),('vnnrzqymrbx9xqjy1fax45grzzgsex3z','MjdlOTQ1YTQ4YjFiZTI2MmNmNGQ4NTBkZjE0NWI3ZmYzMDFjNTE4Zjp7Il9hdXRoX3VzZXJfaWQiOiIxNDMiLCJfYXV0aF91c2VyX2JhY2tlbmQiOiJkamFuZ28uY29udHJpYi5hdXRoLmJhY2tlbmRzLk1vZGVsQmFja2VuZCIsIl9hdXRoX3VzZXJfaGFzaCI6ImExNTAzZWI3NmNkYzc3ZDU4MTZlZWY5M2M5MTkwMTllZWI1OTY3ODEifQ==','2020-09-13 15:50:36.454761'),('vx241ujrzi70kgosc74caistk3rbaw75','OGIxMzFkZTQ5NTljMjk3YmJkYmYyNWNjMjEzYzRiYTc2NmFmNmZmNzp7Il9hdXRoX3VzZXJfaWQiOiIxMTMiLCJfYXV0aF91c2VyX2JhY2tlbmQiOiJkamFuZ28uY29udHJpYi5hdXRoLmJhY2tlbmRzLk1vZGVsQmFja2VuZCIsIl9hdXRoX3VzZXJfaGFzaCI6ImU1ZGFmN2RiMTJlYzFmYjcxMDBlZDI0YTliY2QwYmNjNjFmYjE0M2YifQ==','2020-09-12 19:58:07.533450'),('vybhonw91u4jxtw9b8uy6i4b9bz7oinq','MzA1ZWQ2OGU3NTEzM2EwNjdkNDdiZTU2ODc1ZGI2ZDU4NmE0ODY0Yzp7Il9hdXRoX3VzZXJfaWQiOiIxNiIsIl9hdXRoX3VzZXJfYmFja2VuZCI6ImRqYW5nby5jb250cmliLmF1dGguYmFja2VuZHMuTW9kZWxCYWNrZW5kIiwiX2F1dGhfdXNlcl9oYXNoIjoiZTVlYTA5NGI1YzQ3OWU5NWQ3N2NlMzU3NTA5ZDFhM2IyY2MwMWIxZSJ9','2020-10-01 13:32:51.221346'),('w63d0hhdf8m0stt0ioek6colwssckm8m','NGIwN2M4YTdiYWVlYmFhMjRiY2NjM2NlYmFlNTQ4ZTkzZjhiNGM5ODp7Il9hdXRoX3VzZXJfaWQiOiIxIiwiX2F1dGhfdXNlcl9iYWNrZW5kIjoiZGphbmdvLmNvbnRyaWIuYXV0aC5iYWNrZW5kcy5Nb2RlbEJhY2tlbmQiLCJfYXV0aF91c2VyX2hhc2giOiI5YzMxNWRlMDZhMWZmNjZhNzljOGUyOTg3YmZkOWIyNmI0ZjYxNWYxIn0=','2020-09-05 22:16:42.683578'),('w8kjd4e4i5dco9tn7m65atw65q0nzd1k','MzQ0ZTFiOTlmYTg2ODMzYjA2ZWRhNDNlZjE1MTQxMjQ5Yjg2Njg0Zjp7Il9hdXRoX3VzZXJfaWQiOiIyNTYiLCJfYXV0aF91c2VyX2JhY2tlbmQiOiJkamFuZ28uY29udHJpYi5hdXRoLmJhY2tlbmRzLk1vZGVsQmFja2VuZCIsIl9hdXRoX3VzZXJfaGFzaCI6ImU1MTVjZmNjMmIyNjI1NDZiNjgwNzM1OGI4MWRmMjhmMWE3NTUwOGQifQ==','2020-09-15 19:27:02.028190'),('wb1tt8km4wtgjoaqwaf1p9ask9ly6oza','MDE0MzgxNzUyY2QxMzRkYmQ4ZDA0YjVkMzgyYTFhOGY3ZDg0N2ZmMzp7Il9hdXRoX3VzZXJfaWQiOiIyOTciLCJfYXV0aF91c2VyX2JhY2tlbmQiOiJkamFuZ28uY29udHJpYi5hdXRoLmJhY2tlbmRzLk1vZGVsQmFja2VuZCIsIl9hdXRoX3VzZXJfaGFzaCI6IjQ4MDBlOGYxNGI2NGJjMWJhNWIyZDk3ODMwMjMxMzk4OTJjNmQzZGIifQ==','2020-10-02 23:20:58.460953'),('wc97hy9lvps1xvw15gyh6132uih2ar0k','MTA0MWM2YjZlYjAwNGEyY2ZiY2MwODg3Yjc3ZmQwYThkYjdhZTM0ODp7Il9hdXRoX3VzZXJfaWQiOiIxMzMiLCJfYXV0aF91c2VyX2JhY2tlbmQiOiJkamFuZ28uY29udHJpYi5hdXRoLmJhY2tlbmRzLk1vZGVsQmFja2VuZCIsIl9hdXRoX3VzZXJfaGFzaCI6IjVlMGFkMWNmMjYwNGVlZDc2OGE4YjQ1ZDE0NTRhYTgxNjY2OWFhZGQifQ==','2020-09-13 08:36:34.655103'),('wdzbtn5jf1nbvrzibjgt0dzb9ulhw5oh','NDljMGY5OTMzZDE4ODVlOWExZTVlZDY5NDc3NTg2NWI5Y2VjNGM2Nzp7Il9hdXRoX3VzZXJfaWQiOiIxMjAiLCJfYXV0aF91c2VyX2JhY2tlbmQiOiJkamFuZ28uY29udHJpYi5hdXRoLmJhY2tlbmRzLk1vZGVsQmFja2VuZCIsIl9hdXRoX3VzZXJfaGFzaCI6IjMyYTM0ZTczNzA0NzcyZWY2MmMxMjA5MTlmN2FhMWMyYzI5MzVhZWIifQ==','2020-09-12 21:34:59.660311'),('wffpetm8fru0tewvsyrai3422n0f8138','NGIwN2M4YTdiYWVlYmFhMjRiY2NjM2NlYmFlNTQ4ZTkzZjhiNGM5ODp7Il9hdXRoX3VzZXJfaWQiOiIxIiwiX2F1dGhfdXNlcl9iYWNrZW5kIjoiZGphbmdvLmNvbnRyaWIuYXV0aC5iYWNrZW5kcy5Nb2RlbEJhY2tlbmQiLCJfYXV0aF91c2VyX2hhc2giOiI5YzMxNWRlMDZhMWZmNjZhNzljOGUyOTg3YmZkOWIyNmI0ZjYxNWYxIn0=','2020-09-04 21:01:16.037789'),('wlooqhf04kuwy5ptncfh9b1k1fq11jav','MzA1ZWQ2OGU3NTEzM2EwNjdkNDdiZTU2ODc1ZGI2ZDU4NmE0ODY0Yzp7Il9hdXRoX3VzZXJfaWQiOiIxNiIsIl9hdXRoX3VzZXJfYmFja2VuZCI6ImRqYW5nby5jb250cmliLmF1dGguYmFja2VuZHMuTW9kZWxCYWNrZW5kIiwiX2F1dGhfdXNlcl9oYXNoIjoiZTVlYTA5NGI1YzQ3OWU5NWQ3N2NlMzU3NTA5ZDFhM2IyY2MwMWIxZSJ9','2020-09-17 09:51:44.022863'),('wo613g9efafzxtix9h9entvs7bktnh4i','ZjNmYjE1YmE1YjBlOWM2M2E4NjQ4NjJmODNkZTI0YTJhOTlkMWYwNTp7Il9hdXRoX3VzZXJfaWQiOiI3NCIsIl9hdXRoX3VzZXJfYmFja2VuZCI6ImRqYW5nby5jb250cmliLmF1dGguYmFja2VuZHMuTW9kZWxCYWNrZW5kIiwiX2F1dGhfdXNlcl9oYXNoIjoiYjU2N2FjYmZmZGE4OGZjODk3ODRlNmU4ZDU4ODY1MDI1YTRmMmFmYyJ9','2020-09-12 12:19:28.511723'),('wxjr85nhjwoy8rwv9oe8pgknz53termp','YjYwOGQyZWYyNzQ4OTMxNThlNTI5OWUyNDgwOWE1Yzc2YjZkYzVmZDp7Il9hdXRoX3VzZXJfaWQiOiIxNDgiLCJfYXV0aF91c2VyX2JhY2tlbmQiOiJkamFuZ28uY29udHJpYi5hdXRoLmJhY2tlbmRzLk1vZGVsQmFja2VuZCIsIl9hdXRoX3VzZXJfaGFzaCI6IjVkNjJiZjI1ZDIzNzRjY2QyZjVhM2I1OTQ3NjYwZTJhZjQxMDAxNzQifQ==','2020-09-21 14:06:36.555728'),('wzwlqdwg0pvmysa35cme5prdl8tp81cx','NTFlYjRhODkxY2U2OWRiY2I4MzRhNTY2ZTU2NTQyNjNmODA1Y2FkZDp7Il9hdXRoX3VzZXJfaWQiOiIzMDAiLCJfYXV0aF91c2VyX2JhY2tlbmQiOiJkamFuZ28uY29udHJpYi5hdXRoLmJhY2tlbmRzLk1vZGVsQmFja2VuZCIsIl9hdXRoX3VzZXJfaGFzaCI6IjViZTU0ZmVlYmYxMDM2NmM5NmQ2ZjQ0NjAwOThhNzA1N2Y1YmFmOWYifQ==','2020-09-26 16:41:20.308402'),('x0xs69pr7ekirdn7w39e7igcbynwgo08','MzA0ZDFhNWUzODJlOTI1OTI1MjA5ZjI5ZjIzNTg5YjEwZjQ0M2ZlMDp7Il9hdXRoX3VzZXJfaWQiOiIxMTIiLCJfYXV0aF91c2VyX2JhY2tlbmQiOiJkamFuZ28uY29udHJpYi5hdXRoLmJhY2tlbmRzLk1vZGVsQmFja2VuZCIsIl9hdXRoX3VzZXJfaGFzaCI6IjEyODc1YjdhZDcyMGVjMjlhY2I4YjQ5YWY0ZWY0YTIyM2MxMmVjZWYifQ==','2020-09-12 19:23:22.112361'),('x7cvwmm1undeas2pr6q2762aimc0bl8b','OGU1ZGE3Nzc2MDI5ZWNiN2I5YzViODRiNDg1MjkxMzc5MGVmODExYzp7Il9hdXRoX3VzZXJfaWQiOiIxNTMiLCJfYXV0aF91c2VyX2JhY2tlbmQiOiJkamFuZ28uY29udHJpYi5hdXRoLmJhY2tlbmRzLk1vZGVsQmFja2VuZCIsIl9hdXRoX3VzZXJfaGFzaCI6IjgwNmNhMmNkODRkODEwYWZiZDFhNzllNDdkOGQ2NjExMWZiZmRlYjMifQ==','2020-09-13 18:25:30.203307'),('x97mbqmyyaxqbzoeaxil2s7wvb0jm8zg','NDUxMzQ1Y2E5MTI3NjBmNDhhZTY5Yjc1MzA4NjE0Y2QwNzEwNDdkNjp7Il9hdXRoX3VzZXJfaWQiOiIyMjEiLCJfYXV0aF91c2VyX2JhY2tlbmQiOiJkamFuZ28uY29udHJpYi5hdXRoLmJhY2tlbmRzLk1vZGVsQmFja2VuZCIsIl9hdXRoX3VzZXJfaGFzaCI6IjVhMDE3YzUyZjAyMzA2NDE3ODkyODUxMTBlYzQ5NTY0NGIyMGJiMTkifQ==','2020-09-16 08:15:33.246365'),('xay9z1ydsuohz4w4f4hu5yvn63nml83t','YTMwODZkMzg4MmQwNzZiNDUwMzlmZjlhZjRmMjk0ZDkyYmM4MjA3Mzp7Il9hdXRoX3VzZXJfaWQiOiIyNTIiLCJfYXV0aF91c2VyX2JhY2tlbmQiOiJkamFuZ28uY29udHJpYi5hdXRoLmJhY2tlbmRzLk1vZGVsQmFja2VuZCIsIl9hdXRoX3VzZXJfaGFzaCI6IjA2ODY3NjgxZjM5N2U3YWI4ZDIxNmEyMThhZjY4MTQ0OTkzYzM2ODkifQ==','2020-09-15 18:22:15.006127'),('xc4oxuxlbu1fzavvnr498cermqjkdea0','YWRlZmNjMjAzMzU0NjFiMGEwZGEyMmU4M2NiOTFiOGM3ZjAxMmNjNDp7Il9hdXRoX3VzZXJfaWQiOiIxNTkiLCJfYXV0aF91c2VyX2JhY2tlbmQiOiJkamFuZ28uY29udHJpYi5hdXRoLmJhY2tlbmRzLk1vZGVsQmFja2VuZCIsIl9hdXRoX3VzZXJfaGFzaCI6ImZjN2YyNGYyZTdiYjQ4NzZjMmIxOGE4ODYxNmM5YzNiYzQ0OGEyMTYifQ==','2020-09-13 19:11:19.451011'),('xdbwxv49zyk5b1mma22te2twqvzvp3jt','MGYwNmM5MmVhZjQ4ODhlOWVkZmIyYTY1MjdjNGM0YjA1MWM0MzdiYjp7Il9hdXRoX3VzZXJfaWQiOiIzOSIsIl9hdXRoX3VzZXJfYmFja2VuZCI6ImRqYW5nby5jb250cmliLmF1dGguYmFja2VuZHMuTW9kZWxCYWNrZW5kIiwiX2F1dGhfdXNlcl9oYXNoIjoiNTgwMDI4OTdmNGNlZjE2ZTIxOTNmYWJhNDYwNDQzMWQwZjg1ODcxZCJ9','2020-09-11 23:14:14.869735'),('xl7g0u4mhxsv77cnlcm9ejdeqrds5lod','OGM2Mzk5ZGY4ODQwNTAyNDViMDBhNDRjNDc3NDg1MzYyY2RkZjMzNzp7Il9hdXRoX3VzZXJfaWQiOiIxODMiLCJfYXV0aF91c2VyX2JhY2tlbmQiOiJkamFuZ28uY29udHJpYi5hdXRoLmJhY2tlbmRzLk1vZGVsQmFja2VuZCIsIl9hdXRoX3VzZXJfaGFzaCI6IjYyNDM1Mzk1NzIzZGE5OTk1YTlhNjk2NjFjNjM3MzBhYTMwNzZhMTAifQ==','2020-09-22 08:12:57.576502'),('xznab13wp9uyst1j6iw59j1lfl0hr5ll','ZTZjZDg4MjY4NzViZDZhYjc4NTk4MDE1MjJiODY0YWViMjg0MDY3Mzp7Il9hdXRoX3VzZXJfaWQiOiIxMzciLCJfYXV0aF91c2VyX2JhY2tlbmQiOiJkamFuZ28uY29udHJpYi5hdXRoLmJhY2tlbmRzLk1vZGVsQmFja2VuZCIsIl9hdXRoX3VzZXJfaGFzaCI6ImU5Y2JiOGQ0NzdhODA1NzRiOTAyNjE3ZjMwMTFlNTRkM2YzNDQxMWMifQ==','2020-09-13 11:49:40.826223'),('y3jxf62wpbro9iahkhbrnc1v26g8cx4u','OTJkZmM1OTIxZTI4NGRmZTMyMDRhM2I1MTg2ZDMyM2E1M2RhMjk4Yjp7Il9hdXRoX3VzZXJfaWQiOiIyMzkiLCJfYXV0aF91c2VyX2JhY2tlbmQiOiJkamFuZ28uY29udHJpYi5hdXRoLmJhY2tlbmRzLk1vZGVsQmFja2VuZCIsIl9hdXRoX3VzZXJfaGFzaCI6Ijg5MDlhZWUzMTU0ZDRkZmVjODQ4NGRjYjgxZjMzNzI2MWZhMTg4MDQifQ==','2020-09-15 11:11:59.205566'),('y4d4lplpra7rt25bgc1m2kmynggxv5pf','ZGVjZmQ0ODBiOTQ4ODJkZDE1MzM3NzEwYjJiZmY2OTQwYzA2OWIzYTp7Il9hdXRoX3VzZXJfaWQiOiI0MCIsIl9hdXRoX3VzZXJfYmFja2VuZCI6ImRqYW5nby5jb250cmliLmF1dGguYmFja2VuZHMuTW9kZWxCYWNrZW5kIiwiX2F1dGhfdXNlcl9oYXNoIjoiMWJhYjExODJmODg4ZTgyZWZhNzAyNjU0NjVhMDI1NjQ0ZTNiZjQ5OSJ9','2020-09-11 23:17:02.009930'),('y54li9c11jvr9u9434mgb8y3aatctat8','ZTRhMTVmZjMwZWRmZjdlMjBlMjgzNDk5YTFhNmU1NGQ4NTgyMTA5ODp7Il9hdXRoX3VzZXJfaWQiOiIxNTYiLCJfYXV0aF91c2VyX2JhY2tlbmQiOiJkamFuZ28uY29udHJpYi5hdXRoLmJhY2tlbmRzLk1vZGVsQmFja2VuZCIsIl9hdXRoX3VzZXJfaGFzaCI6IjJiNDFkMjhmYmQ5OGZhY2Q4MjJmYTUyZTMwYTBjYmNiZmM0YjgxMDAifQ==','2020-09-13 18:43:44.159893'),('y8p8d63m5tp5jmapo4gg2s52dfwyvlwz','NjU5YTM1MWNhMzNkMTQzNzZiNThkNGZhZjUyZjgwMzQwZmIwZDc2MDp7Il9hdXRoX3VzZXJfaWQiOiIyNjQiLCJfYXV0aF91c2VyX2JhY2tlbmQiOiJkamFuZ28uY29udHJpYi5hdXRoLmJhY2tlbmRzLk1vZGVsQmFja2VuZCIsIl9hdXRoX3VzZXJfaGFzaCI6IjczZjAwZDcxNzM2YTIwM2ZmZjc1ZDc0MzQ4NDAyMmY4NzhiM2VkNjkifQ==','2020-09-16 12:38:11.276954'),('ynpctder1g891kbel232pejxbjhx7dan','OGU3ZDVjZGFkOWU4ZmJlODU2NjRiMTUxODUzZDk3MmIyODU1ZWU3NTp7Il9hdXRoX3VzZXJfaWQiOiIyNTkiLCJfYXV0aF91c2VyX2JhY2tlbmQiOiJkamFuZ28uY29udHJpYi5hdXRoLmJhY2tlbmRzLk1vZGVsQmFja2VuZCIsIl9hdXRoX3VzZXJfaGFzaCI6ImVmNDYyYjVjMTJlZjM5YjIwZTQ2NjQyNmViYTU1NmJiNzNlNWUwZmEifQ==','2020-09-15 22:57:02.873888'),('ytgwxtj5etc2wmluo35vsx56j2tuzz1m','ODNlMmM4ZWIwZjU3NGQ0YzEyOGUxYzM2NDYzMTg2NzFjODk2ODVhMjp7Il9hdXRoX3VzZXJfaWQiOiIyODIiLCJfYXV0aF91c2VyX2JhY2tlbmQiOiJkamFuZ28uY29udHJpYi5hdXRoLmJhY2tlbmRzLk1vZGVsQmFja2VuZCIsIl9hdXRoX3VzZXJfaGFzaCI6ImJkYWE0ODBmNGFlOTZlMjg4NjJiZjkwYjU5Y2U1OGM4OWM1ZWQyY2QifQ==','2020-09-20 03:24:09.637167'),('yvlpvv206i0g3yfgfcr0okl7svs1xzwl','Yzg2YjViMTE1YjRjZjVlOTE2MGJmODcyMjJkNDBiOTZiZTRiZTk3ZDp7Il9hdXRoX3VzZXJfaWQiOiI3NiIsIl9hdXRoX3VzZXJfYmFja2VuZCI6ImRqYW5nby5jb250cmliLmF1dGguYmFja2VuZHMuTW9kZWxCYWNrZW5kIiwiX2F1dGhfdXNlcl9oYXNoIjoiOWIyM2NjZTk3ZGQ1ZGU3ODhjN2IxZTkzZDM0YTc4NWZlZmE2MTM2YiJ9','2020-09-12 12:29:44.017719'),('ywq7ti9qplrfzxrjadys1ixu6mi5820z','MmVkZjllODEzYzdjMWE3MjcxYmVlMzNhNjA0NjY2ZmJjMjUyNzdkYTp7Il9hdXRoX3VzZXJfaWQiOiIyOTMiLCJfYXV0aF91c2VyX2JhY2tlbmQiOiJkamFuZ28uY29udHJpYi5hdXRoLmJhY2tlbmRzLk1vZGVsQmFja2VuZCIsIl9hdXRoX3VzZXJfaGFzaCI6Ijg1M2I1ZWE2MDFlOTI4OTU1ZmM3MTFiMWNjYTA5NWZjM2M1Y2RhYTcifQ==','2020-09-22 23:12:42.180975'),('zbi06uptrxq525yknmxo4lqhnufbn2w1','MzBhYzZmODY2Yzc5NTFiMjZhOTVhN2NlZDZiMjk5MzBmYzJlYTIxODp7Il9hdXRoX3VzZXJfaWQiOiIzIiwiX2F1dGhfdXNlcl9iYWNrZW5kIjoiZGphbmdvLmNvbnRyaWIuYXV0aC5iYWNrZW5kcy5Nb2RlbEJhY2tlbmQiLCJfYXV0aF91c2VyX2hhc2giOiJiNDZiYzMxZmY2Yjg1OTZjOWJiYmIyYTkxMjc4NzFiOGJmOWQ0YTk5In0=','2020-09-06 19:59:47.213410'),('zg3g4mkx3lu4xrojh6hrfha76kl1pmfz','NDUxMzQ1Y2E5MTI3NjBmNDhhZTY5Yjc1MzA4NjE0Y2QwNzEwNDdkNjp7Il9hdXRoX3VzZXJfaWQiOiIyMjEiLCJfYXV0aF91c2VyX2JhY2tlbmQiOiJkamFuZ28uY29udHJpYi5hdXRoLmJhY2tlbmRzLk1vZGVsQmFja2VuZCIsIl9hdXRoX3VzZXJfaGFzaCI6IjVhMDE3YzUyZjAyMzA2NDE3ODkyODUxMTBlYzQ5NTY0NGIyMGJiMTkifQ==','2020-09-14 21:34:21.981372'),('zji75av62it3btzdezi2k8h15fug37f5','MzNlZjc4ZDM2Mjc5ZTNiNTQzOWE0NTdhYjQ3OWNiZmZlOGU4Y2M0YTp7Il9hdXRoX3VzZXJfaWQiOiIyNTciLCJfYXV0aF91c2VyX2JhY2tlbmQiOiJkamFuZ28uY29udHJpYi5hdXRoLmJhY2tlbmRzLk1vZGVsQmFja2VuZCIsIl9hdXRoX3VzZXJfaGFzaCI6IjZiNjA4NzBiZmVhMGVkMTRjODM5YTA4YjEwOGQwNGQ1YTE3M2E0YWYifQ==','2020-09-15 19:33:01.590886'),('zmak8jpsi4csmnixbr1neejacszkq3pj','Y2Q5MjFlOWY1MmMwYjMxYTk0MWEyZGJjZjFkMTgwMGUxNmE5MGMzZTp7Il9hdXRoX3VzZXJfaWQiOiIxMjMiLCJfYXV0aF91c2VyX2JhY2tlbmQiOiJkamFuZ28uY29udHJpYi5hdXRoLmJhY2tlbmRzLk1vZGVsQmFja2VuZCIsIl9hdXRoX3VzZXJfaGFzaCI6IjA4YTU5MWNlZDM2NmY3Nzg5YTAzYTEyZjVmNDM5N2JjOTMzMDBlNjAifQ==','2020-09-12 23:13:23.530904'),('zpuuhoufwxd4mt2nv3wjhdh7vfoa6eur','M2IxZTI4YjhmOTdkZWUwMmFmMTdlZDk0MGYzMTEwZTJkZjJiY2U1OTp7Il9hdXRoX3VzZXJfaWQiOiIxNzMiLCJfYXV0aF91c2VyX2JhY2tlbmQiOiJkamFuZ28uY29udHJpYi5hdXRoLmJhY2tlbmRzLk1vZGVsQmFja2VuZCIsIl9hdXRoX3VzZXJfaGFzaCI6IjZkODRiNzI2YTRlYTcyYjYyY2ZiZjVhMzhmNTNjNGEzZTQzMTgxOTIifQ==','2020-09-13 23:09:41.051166'),('zses8sphouo350rz71o51hkjxnupppc1','M2RhM2Q2YmQ2ODk1NzFkZjRmZGMzODgzYjI1Nzg0OTkyMjJiNmRkMzp7Il9hdXRoX3VzZXJfaWQiOiIyNDQiLCJfYXV0aF91c2VyX2JhY2tlbmQiOiJkamFuZ28uY29udHJpYi5hdXRoLmJhY2tlbmRzLk1vZGVsQmFja2VuZCIsIl9hdXRoX3VzZXJfaGFzaCI6IjgwOGY0YzQyYmE5YmE4YTJiNzlmZDI0MjIwODQwNmZiMGVhYzVjZDUifQ==','2020-09-15 14:06:19.160683');
/*!40000 ALTER TABLE `django_session` ENABLE KEYS */;
UNLOCK TABLES;
/*!40103 SET TIME_ZONE=@OLD_TIME_ZONE */;

/*!40101 SET SQL_MODE=@OLD_SQL_MODE */;
/*!40014 SET FOREIGN_KEY_CHECKS=@OLD_FOREIGN_KEY_CHECKS */;
/*!40014 SET UNIQUE_CHECKS=@OLD_UNIQUE_CHECKS */;
/*!40101 SET CHARACTER_SET_CLIENT=@OLD_CHARACTER_SET_CLIENT */;
/*!40101 SET CHARACTER_SET_RESULTS=@OLD_CHARACTER_SET_RESULTS */;
/*!40101 SET COLLATION_CONNECTION=@OLD_COLLATION_CONNECTION */;
/*!40111 SET SQL_NOTES=@OLD_SQL_NOTES */;

-- Dump completed on 2020-11-12 19:36:01
